[02Aug2026 13:39:36.003] [main/INFO] [cpw.mods.modlauncher.Launcher/MODLAUNCHER]: ModLauncher running: args [--launchTarget, forgeserver, --fml.neoForgeVersion, 21.1.248, --fml.fmlVersion, 4.0.43, --fml.mcVersion, 1.21.1, --fml.neoFormVersion, 20240808.144430]
[02Aug2026 13:39:36.005] [main/INFO] [cpw.mods.modlauncher.Launcher/MODLAUNCHER]: JVM identified as Eclipse Adoptium OpenJDK 64-Bit Server VM 21.0.11+10-LTS
[02Aug2026 13:39:36.005] [main/INFO] [cpw.mods.modlauncher.Launcher/MODLAUNCHER]: ModLauncher 11.0.5+main.901c6ea8 starting: java version 21.0.11 by Eclipse Adoptium; OS Linux arch amd64 version 6.8.0-31-generic
[02Aug2026 13:39:36.144] [main/INFO] [net.neoforged.fml.loading.ImmediateWindowHandler/]: ImmediateWindowProvider not loading because launch target is forgeserver
[02Aug2026 13:39:36.187] [main/INFO] [mixin/]: SpongePowered MIXIN Subsystem Version=0.8.7 Source=union:/home/container/libraries/net/fabricmc/sponge-mixin/0.15.2+mixin.0.8.7/sponge-mixin-0.15.2+mixin.0.8.7.jar%2373!/ Service=ModLauncher Env=SERVER
[02Aug2026 13:39:36.297] [main/INFO] [net.neoforged.fml.loading.moddiscovery.ModDiscoverer/SCAN]: Found mod file "server-1.21.1-20240808.144430-srg.jar" [locator: production server provider +net.neoforged:neoforge:21.1.248:server]
[02Aug2026 13:39:36.308] [main/INFO] [net.neoforged.fml.loading.moddiscovery.ModDiscoverer/SCAN]: Found mod file "neoforge-21.1.248-universal.jar" [locator: PathBasedLocator[name=neoforge, paths=[libraries/net/neoforged/neoforge/21.1.248/neoforge-21.1.248-universal.jar]], reader: mod manifest]
[02Aug2026 13:39:36.310] [main/INFO] [net.neoforged.fml.loading.moddiscovery.ModDiscoverer/SCAN]: Found library file "~nonexistent" [locator: org.sinytra.connector.locator.ConnectorEarlyLocatorBootstrap@544630b7]
[02Aug2026 13:39:36.317] [main/INFO] [net.neoforged.fml.loading.moddiscovery.ModDiscoverer/SCAN]: Found mod file "[1.21.1-Neoforge] Hybrid Aquatic 1.6.8.jar" [locator: {mods folder locator at /home/container/mods}, reader: mod manifest]
[02Aug2026 13:39:36.319] [main/INFO] [net.neoforged.fml.loading.moddiscovery.ModDiscoverer/SCAN]: Found mod file "addonslib-neoforge-1.21.1-1.14.jar" [locator: {mods folder locator at /home/container/mods}, reader: mod manifest]
[02Aug2026 13:39:36.321] [main/INFO] [net.neoforged.fml.loading.moddiscovery.ModDiscoverer/SCAN]: Found mod file "aeronauticsdiscovery-1.4.5.jar" [locator: {mods folder locator at /home/container/mods}, reader: mod manifest]
[02Aug2026 13:39:36.323] [main/INFO] [net.neoforged.fml.loading.moddiscovery.ModDiscoverer/SCAN]: Found mod file "aeroworks-1.3.0.jar" [locator: {mods folder locator at /home/container/mods}, reader: mod manifest]
[02Aug2026 13:39:36.325] [main/INFO] [net.neoforged.fml.loading.moddiscovery.ModDiscoverer/SCAN]: Found mod file "aether-1.21.1-1.5.10-neoforge.jar" [locator: {mods folder locator at /home/container/mods}, reader: mod manifest]
[02Aug2026 13:39:36.326] [main/INFO] [net.neoforged.fml.loading.moddiscovery.ModDiscoverer/SCAN]: Found mod file "AirHop-v21.1.0-1.21.1-NeoForge.jar" [locator: {mods folder locator at /home/container/mods}, reader: mod manifest]
[02Aug2026 13:39:36.328] [main/INFO] [net.neoforged.fml.loading.moddiscovery.ModDiscoverer/SCAN]: Found mod file "alexsmobs-1.22.17.jar" [locator: {mods folder locator at /home/container/mods}, reader: mod manifest]
[02Aug2026 13:39:36.330] [main/INFO] [net.neoforged.fml.loading.moddiscovery.ModDiscoverer/SCAN]: Found mod file "appleskin-neoforge-mc1.21-3.0.9.jar" [locator: {mods folder locator at /home/container/mods}, reader: mod manifest]
[02Aug2026 13:39:36.331] [main/INFO] [net.neoforged.fml.loading.moddiscovery.ModDiscoverer/SCAN]: Found mod file "aq-4.3.jar" [locator: {mods folder locator at /home/container/mods}, reader: mod manifest]
[02Aug2026 13:39:36.332] [main/INFO] [net.neoforged.fml.loading.moddiscovery.ModDiscoverer/SCAN]: Found mod file "Aquaculture-1.21.1-2.7.21.jar" [locator: {mods folder locator at /home/container/mods}, reader: mod manifest]
[02Aug2026 13:39:36.333] [main/INFO] [net.neoforged.fml.loading.moddiscovery.ModDiscoverer/SCAN]: Found mod file "aquaculturedelight-1.2.0-neoforge-1.21.1.jar" [locator: {mods folder locator at /home/container/mods}, reader: mod manifest]
[02Aug2026 13:39:36.334] [main/INFO] [net.neoforged.fml.loading.moddiscovery.ModDiscoverer/SCAN]: Found mod file "aquatic_creepers-neoforge-1.0.0+1.21.jar" [locator: {mods folder locator at /home/container/mods}, reader: mod manifest]
[02Aug2026 13:39:36.335] [main/INFO] [net.neoforged.fml.loading.moddiscovery.ModDiscoverer/SCAN]: Found mod file "architectury-13.0.8-neoforge.jar" [locator: {mods folder locator at /home/container/mods}, reader: mod manifest]
[02Aug2026 13:39:36.336] [main/INFO] [net.neoforged.fml.loading.moddiscovery.ModDiscoverer/SCAN]: Found mod file "automobility-0.5.0.h+1.21.1-neoforge.jar" [locator: {mods folder locator at /home/container/mods}, reader: mod manifest]
[02Aug2026 13:39:36.337] [main/INFO] [net.neoforged.fml.loading.moddiscovery.ModDiscoverer/SCAN]: Found mod file "balm-neoforge-1.21.1-21.0.63.jar" [locator: {mods folder locator at /home/container/mods}, reader: mod manifest]
[02Aug2026 13:39:36.338] [main/INFO] [net.neoforged.fml.loading.moddiscovery.ModDiscoverer/SCAN]: Found mod file "betterchunkloading-1.21-5.4.jar" [locator: {mods folder locator at /home/container/mods}, reader: mod manifest]
[02Aug2026 13:39:36.339] [main/INFO] [net.neoforged.fml.loading.moddiscovery.ModDiscoverer/SCAN]: Found mod file "bettercombat-neoforge-2.4.0+1.21.1.jar" [locator: {mods folder locator at /home/container/mods}, reader: mod manifest]
[02Aug2026 13:39:36.340] [main/INFO] [net.neoforged.fml.loading.moddiscovery.ModDiscoverer/SCAN]: Found mod file "BetterTridents-v21.1.0-1.21.1-NeoForge.jar" [locator: {mods folder locator at /home/container/mods}, reader: mod manifest]
[02Aug2026 13:39:36.341] [main/INFO] [net.neoforged.fml.loading.moddiscovery.ModDiscoverer/SCAN]: Found mod file "biolith-neoforge-3.0.14.jar" [locator: {mods folder locator at /home/container/mods}, reader: mod manifest]
[02Aug2026 13:39:36.342] [main/INFO] [net.neoforged.fml.loading.moddiscovery.ModDiscoverer/SCAN]: Found mod file "blueprint-1.21.1-8.1.1.jar" [locator: {mods folder locator at /home/container/mods}, reader: mod manifest]
[02Aug2026 13:39:36.343] [main/INFO] [net.neoforged.fml.loading.moddiscovery.ModDiscoverer/SCAN]: Found mod file "bountiful-neoforge-8.0.0-beta.2.jar" [locator: {mods folder locator at /home/container/mods}, reader: mod manifest]
[02Aug2026 13:39:36.344] [main/INFO] [net.neoforged.fml.loading.moddiscovery.ModDiscoverer/SCAN]: Found mod file "caelus-neoforge-7.0.1+1.21.1.jar" [locator: {mods folder locator at /home/container/mods}, reader: mod manifest]
[02Aug2026 13:39:36.344] [main/INFO] [net.neoforged.fml.loading.moddiscovery.ModDiscoverer/SCAN]: Found mod file "carryon-neoforge-1.21.1-2.2.5.8.jar" [locator: {mods folder locator at /home/container/mods}, reader: mod manifest]
[02Aug2026 13:39:36.345] [main/INFO] [net.neoforged.fml.loading.moddiscovery.ModDiscoverer/SCAN]: Found mod file "CarryOnAeroCompat-1.21.1-1.1.1.jar" [locator: {mods folder locator at /home/container/mods}, reader: mod manifest]
[02Aug2026 13:39:36.346] [main/INFO] [net.neoforged.fml.loading.moddiscovery.ModDiscoverer/SCAN]: Found mod file "Chimes-v2.1.1-1.21.1-NeoForge.jar" [locator: {mods folder locator at /home/container/mods}, reader: mod manifest]
[02Aug2026 13:39:36.347] [main/INFO] [net.neoforged.fml.loading.moddiscovery.ModDiscoverer/SCAN]: Found mod file "citadel-1.21.1-2.7.6.jar" [locator: {mods folder locator at /home/container/mods}, reader: mod manifest]
[02Aug2026 13:39:36.348] [main/INFO] [net.neoforged.fml.loading.moddiscovery.ModDiscoverer/SCAN]: Found mod file "cloth-config-15.0.140-neoforge.jar" [locator: {mods folder locator at /home/container/mods}, reader: mod manifest]
[02Aug2026 13:39:36.349] [main/INFO] [net.neoforged.fml.loading.moddiscovery.ModDiscoverer/SCAN]: Found mod file "Clumps-neoforge-1.21.1-19.0.0.1.jar" [locator: {mods folder locator at /home/container/mods}, reader: mod manifest]
[02Aug2026 13:39:36.351] [main/INFO] [net.neoforged.fml.loading.moddiscovery.ModDiscoverer/SCAN]: Found mod file "cluttered-[NeoForge]-3.0.3-1.21.1.jar" [locator: {mods folder locator at /home/container/mods}, reader: mod manifest]
[02Aug2026 13:39:36.352] [main/INFO] [net.neoforged.fml.loading.moddiscovery.ModDiscoverer/SCAN]: Found mod file "collective-1.21.1-8.39.jar" [locator: {mods folder locator at /home/container/mods}, reader: mod manifest]
[02Aug2026 13:39:36.353] [main/INFO] [net.neoforged.fml.loading.moddiscovery.ModDiscoverer/SCAN]: Found mod file "comforts-neoforge-9.0.5+1.21.1.jar" [locator: {mods folder locator at /home/container/mods}, reader: mod manifest]
[02Aug2026 13:39:36.356] [main/INFO] [net.neoforged.fml.loading.moddiscovery.ModDiscoverer/SCAN]: Found mod file "configured-neoforge-1.21.1-2.6.3.jar" [locator: {mods folder locator at /home/container/mods}, reader: mod manifest]
[02Aug2026 13:39:36.357] [main/INFO] [net.neoforged.fml.loading.moddiscovery.ModDiscoverer/SCAN]: Found mod file "connectiblechains-neoforge-1.21.1-2.2.5.jar" [locator: {mods folder locator at /home/container/mods}, reader: mod manifest]
[02Aug2026 13:39:36.358] [main/INFO] [net.neoforged.fml.loading.moddiscovery.ModDiscoverer/SCAN]: Found mod file "coolrain-1.21.1-NeoForge-1.0.1.jar" [locator: {mods folder locator at /home/container/mods}, reader: mod manifest]
[02Aug2026 13:39:36.359] [main/INFO] [net.neoforged.fml.loading.moddiscovery.ModDiscoverer/SCAN]: Found mod file "copycat_aeronautics_sails-0.1.18.jar" [locator: {mods folder locator at /home/container/mods}, reader: mod manifest]
[02Aug2026 13:39:36.360] [main/INFO] [net.neoforged.fml.loading.moddiscovery.ModDiscoverer/SCAN]: Found mod file "copycats-3.0.4+mc.1.21.1-neoforge.jar" [locator: {mods folder locator at /home/container/mods}, reader: mod manifest]
[02Aug2026 13:39:36.360] [main/INFO] [net.neoforged.fml.loading.moddiscovery.ModDiscoverer/SCAN]: Found mod file "coroutil-neoforge-1.21.0-1.3.8.jar" [locator: {mods folder locator at /home/container/mods}, reader: mod manifest]
[02Aug2026 13:39:36.364] [main/INFO] [net.neoforged.fml.loading.moddiscovery.ModDiscoverer/SCAN]: Found mod file "create-1.21.1-6.0.10.jar" [locator: {mods folder locator at /home/container/mods}, reader: mod manifest]
[02Aug2026 13:39:36.364] [main/INFO] [net.neoforged.fml.loading.moddiscovery.ModDiscoverer/SCAN]: Found mod file "create-aeronautics-bundled-1.21.1-1.3.0.jar" [locator: {mods folder locator at /home/container/mods}, reader: mod manifest]
[02Aug2026 13:39:36.365] [main/INFO] [net.neoforged.fml.loading.moddiscovery.ModDiscoverer/SCAN]: Found mod file "create-aeronautics-rechiseled-compat-1.21.1-1.2.2.jar" [locator: {mods folder locator at /home/container/mods}, reader: mod manifest]
[02Aug2026 13:39:36.366] [main/INFO] [net.neoforged.fml.loading.moddiscovery.ModDiscoverer/SCAN]: Found mod file "create_aeronautics_placeable_wheels-0.2-1.21.1.jar" [locator: {mods folder locator at /home/container/mods}, reader: mod manifest]
[02Aug2026 13:39:36.367] [main/INFO] [net.neoforged.fml.loading.moddiscovery.ModDiscoverer/SCAN]: Found mod file "create_aeronautics_toolgun-0.3.2.jar" [locator: {mods folder locator at /home/container/mods}, reader: mod manifest]
[02Aug2026 13:39:36.367] [main/INFO] [net.neoforged.fml.loading.moddiscovery.ModDiscoverer/SCAN]: Found mod file "create_aeronautics_transmission_linkage-0.2.5.jar" [locator: {mods folder locator at /home/container/mods}, reader: mod manifest]
[02Aug2026 13:39:36.368] [main/INFO] [net.neoforged.fml.loading.moddiscovery.ModDiscoverer/SCAN]: Found mod file "create_cardan_shafts-0.1.6.jar" [locator: {mods folder locator at /home/container/mods}, reader: mod manifest]
[02Aug2026 13:39:36.369] [main/INFO] [net.neoforged.fml.loading.moddiscovery.ModDiscoverer/SCAN]: Found mod file "create_submarine-2.2.4.jar" [locator: {mods folder locator at /home/container/mods}, reader: mod manifest]
[02Aug2026 13:39:36.370] [main/INFO] [net.neoforged.fml.loading.moddiscovery.ModDiscoverer/SCAN]: Found mod file "createaddition-1.6.0.jar" [locator: {mods folder locator at /home/container/mods}, reader: mod manifest]
[02Aug2026 13:39:36.372] [main/INFO] [net.neoforged.fml.loading.moddiscovery.ModDiscoverer/SCAN]: Found mod file "createbigcannons-5.11.7+mc.1.21.1.jar" [locator: {mods folder locator at /home/container/mods}, reader: mod manifest]
[02Aug2026 13:39:36.392] [main/INFO] [net.neoforged.fml.loading.moddiscovery.ModDiscoverer/SCAN]: Found mod file "CreativeCore_NEOFORGE_v2.13.41_mc1.21.1.jar" [locator: {mods folder locator at /home/container/mods}, reader: mod manifest]
[02Aug2026 13:39:36.393] [main/INFO] [net.neoforged.fml.loading.moddiscovery.ModDiscoverer/SCAN]: Found mod file "CreeperOverhaul-neoforge-1.21.1-4.0.6.jar" [locator: {mods folder locator at /home/container/mods}, reader: mod manifest]
[02Aug2026 13:39:36.401] [main/INFO] [net.neoforged.fml.loading.moddiscovery.ModDiscoverer/SCAN]: Found mod file "crittersandcompanions-neoforge-1.21.1-2.6.1.jar" [locator: {mods folder locator at /home/container/mods}, reader: mod manifest]
[02Aug2026 13:39:36.403] [main/INFO] [net.neoforged.fml.loading.moddiscovery.ModDiscoverer/SCAN]: Found mod file "cupboard-1.21.1-3.9.jar" [locator: {mods folder locator at /home/container/mods}, reader: mod manifest]
[02Aug2026 13:39:36.404] [main/INFO] [net.neoforged.fml.loading.moddiscovery.ModDiscoverer/SCAN]: Found mod file "curios-neoforge-9.5.1+1.21.1.jar" [locator: {mods folder locator at /home/container/mods}, reader: mod manifest]
[02Aug2026 13:39:36.405] [main/INFO] [net.neoforged.fml.loading.moddiscovery.ModDiscoverer/SCAN]: Found mod file "custom_nether_portals-neoforge-1.21.1-1.0.0.jar" [locator: {mods folder locator at /home/container/mods}, reader: mod manifest]
[02Aug2026 13:39:36.407] [main/INFO] [net.neoforged.fml.loading.moddiscovery.ModDiscoverer/SCAN]: Found mod file "DecorativeBlocks-Reborn-neoforge-1.21.1-6.0.2.jar" [locator: {mods folder locator at /home/container/mods}, reader: mod manifest]
[02Aug2026 13:39:36.408] [main/INFO] [net.neoforged.fml.loading.moddiscovery.ModDiscoverer/SCAN]: Found mod file "defaultoptions-neoforge-1.21.1-21.1.8.jar" [locator: {mods folder locator at /home/container/mods}, reader: mod manifest]
[02Aug2026 13:39:36.409] [main/INFO] [net.neoforged.fml.loading.moddiscovery.ModDiscoverer/SCAN]: Found mod file "DiagonalFences-v21.1.1-1.21.1-NeoForge.jar" [locator: {mods folder locator at /home/container/mods}, reader: mod manifest]
[02Aug2026 13:39:36.409] [main/INFO] [net.neoforged.fml.loading.moddiscovery.ModDiscoverer/SCAN]: Found mod file "DiagonalWalls-v21.1.2-1.21.1-NeoForge.jar" [locator: {mods folder locator at /home/container/mods}, reader: mod manifest]
[02Aug2026 13:39:36.410] [main/INFO] [net.neoforged.fml.loading.moddiscovery.ModDiscoverer/SCAN]: Found mod file "DiagonalWindows-v21.1.1-1.21.1-NeoForge.jar" [locator: {mods folder locator at /home/container/mods}, reader: mod manifest]
[02Aug2026 13:39:36.411] [main/INFO] [net.neoforged.fml.loading.moddiscovery.ModDiscoverer/SCAN]: Found mod file "do_a_barrel_roll-neoforge-3.7.3+1.21.jar" [locator: {mods folder locator at /home/container/mods}, reader: mod manifest]
[02Aug2026 13:39:36.412] [main/INFO] [net.neoforged.fml.loading.moddiscovery.ModDiscoverer/SCAN]: Found mod file "dynamicvillage-v0.5.1-1.21.1.jar" [locator: {mods folder locator at /home/container/mods}, reader: mod manifest]
[02Aug2026 13:39:36.412] [main/INFO] [net.neoforged.fml.loading.moddiscovery.ModDiscoverer/SCAN]: Found mod file "EasyMagic-v21.1.4-1.21.1-NeoForge.jar" [locator: {mods folder locator at /home/container/mods}, reader: mod manifest]
[02Aug2026 13:39:36.413] [main/INFO] [net.neoforged.fml.loading.moddiscovery.ModDiscoverer/SCAN]: Found mod file "elytraslot-neoforge-9.0.2+1.21.1.jar" [locator: {mods folder locator at /home/container/mods}, reader: mod manifest]
[02Aug2026 13:39:36.414] [main/INFO] [net.neoforged.fml.loading.moddiscovery.ModDiscoverer/SCAN]: Found mod file "EnhancedCats-NeoForge-1.21.1-1.0.1.jar" [locator: {mods folder locator at /home/container/mods}, reader: mod manifest]
[02Aug2026 13:39:36.415] [main/INFO] [net.neoforged.fml.loading.moddiscovery.ModDiscoverer/SCAN]: Found mod file "FarmersDelight-1.21.1-1.3.2.jar" [locator: {mods folder locator at /home/container/mods}, reader: mod manifest]
[02Aug2026 13:39:36.419] [main/INFO] [net.neoforged.fml.loading.moddiscovery.ModDiscoverer/SCAN]: Found mod file "ferritecore-7.0.3-neoforge.jar" [locator: {mods folder locator at /home/container/mods}, reader: mod manifest]
[02Aug2026 13:39:36.420] [main/INFO] [net.neoforged.fml.loading.moddiscovery.ModDiscoverer/SCAN]: Found mod file "fishermens_trap-Neoforge-1.21.1-3.1.0.jar" [locator: {mods folder locator at /home/container/mods}, reader: mod manifest]
[02Aug2026 13:39:36.421] [main/INFO] [net.neoforged.fml.loading.moddiscovery.ModDiscoverer/SCAN]: Found mod file "fishingreal-neoforge-1.21.1-1.9.1.jar" [locator: {mods folder locator at /home/container/mods}, reader: mod manifest]
[02Aug2026 13:39:36.422] [main/INFO] [net.neoforged.fml.loading.moddiscovery.ModDiscoverer/SCAN]: Found mod file "forgified-fabric-api-0.116.14+2.3.0+1.21.1.jar" [locator: {mods folder locator at /home/container/mods}, reader: mod manifest]
[02Aug2026 13:39:36.422] [main/INFO] [net.neoforged.fml.loading.moddiscovery.ModDiscoverer/SCAN]: Found mod file "framework-neoforge-1.21.1-0.13.11.jar" [locator: {mods folder locator at /home/container/mods}, reader: mod manifest]
[02Aug2026 13:39:36.423] [main/INFO] [net.neoforged.fml.loading.moddiscovery.ModDiscoverer/SCAN]: Found mod file "friendsandfoes-neoforge-4.0.26+mc1.21.1.jar" [locator: {mods folder locator at /home/container/mods}, reader: mod manifest]
[02Aug2026 13:39:36.424] [main/INFO] [net.neoforged.fml.loading.moddiscovery.ModDiscoverer/SCAN]: Found mod file "fzzy_config-0.7.6+1.21+neoforge.jar" [locator: {mods folder locator at /home/container/mods}, reader: mod manifest]
[02Aug2026 13:39:36.424] [main/INFO] [net.neoforged.fml.loading.moddiscovery.ModDiscoverer/SCAN]: Found mod file "geckolib-neoforge-1.21.1-4.9.2.jar" [locator: {mods folder locator at /home/container/mods}, reader: mod manifest]
[02Aug2026 13:39:36.425] [main/INFO] [net.neoforged.fml.loading.moddiscovery.ModDiscoverer/SCAN]: Found mod file "gliders-1.21.1-neoforge-1.1.8.jar" [locator: {mods folder locator at /home/container/mods}, reader: mod manifest]
[02Aug2026 13:39:36.425] [main/INFO] [net.neoforged.fml.loading.moddiscovery.ModDiscoverer/SCAN]: Found mod file "gml-6.0.2.jar" [locator: {mods folder locator at /home/container/mods}, reader: mod manifest]
[02Aug2026 13:39:36.426] [main/INFO] [net.neoforged.fml.loading.moddiscovery.ModDiscoverer/SCAN]: Found mod file "goblintraders-neoforge-1.21.1-1.11.2.jar" [locator: {mods folder locator at /home/container/mods}, reader: mod manifest]
[02Aug2026 13:39:36.426] [main/INFO] [net.neoforged.fml.loading.moddiscovery.ModDiscoverer/SCAN]: Found mod file "gravestone-neoforge-1.21.1-1.0.37.jar" [locator: {mods folder locator at /home/container/mods}, reader: mod manifest]
[02Aug2026 13:39:36.427] [main/INFO] [net.neoforged.fml.loading.moddiscovery.ModDiscoverer/SCAN]: Found mod file "guardvillagers-2.4.10-1.21.1.jar" [locator: {mods folder locator at /home/container/mods}, reader: mod manifest]
[02Aug2026 13:39:36.427] [main/INFO] [net.neoforged.fml.loading.moddiscovery.ModDiscoverer/SCAN]: Found mod file "horse-breeding-fix-neoforge-1.21.x-1.1.1.jar" [locator: {mods folder locator at /home/container/mods}, reader: mod manifest]
[02Aug2026 13:39:36.428] [main/INFO] [net.neoforged.fml.loading.moddiscovery.ModDiscoverer/SCAN]: Found mod file "horseman-neoforge-1.21.1-1.5.11.jar" [locator: {mods folder locator at /home/container/mods}, reader: mod manifest]
[02Aug2026 13:39:36.428] [main/INFO] [net.neoforged.fml.loading.moddiscovery.ModDiscoverer/SCAN]: Found mod file "ibca-1.0.jar" [locator: {mods folder locator at /home/container/mods}, reader: mod manifest]
[02Aug2026 13:39:36.429] [main/INFO] [net.neoforged.fml.loading.moddiscovery.ModDiscoverer/SCAN]: Found mod file "Immersive Vehicles-1.21.1-24.0.0.jar" [locator: {mods folder locator at /home/container/mods}, reader: mod manifest]
[02Aug2026 13:39:36.430] [main/INFO] [net.neoforged.fml.loading.moddiscovery.ModDiscoverer/SCAN]: Found mod file "immersive_aircraft-1.4.6+1.21.1-neoforge.jar" [locator: {mods folder locator at /home/container/mods}, reader: mod manifest]
[02Aug2026 13:39:36.430] [main/INFO] [net.neoforged.fml.loading.moddiscovery.ModDiscoverer/SCAN]: Found mod file "immersive_melodies-neoforge-0.6.4+1.21.1.jar" [locator: {mods folder locator at /home/container/mods}, reader: mod manifest]
[02Aug2026 13:39:36.431] [main/INFO] [net.neoforged.fml.loading.moddiscovery.ModDiscoverer/SCAN]: Found mod file "immersive_paintings-neoforge-1.21.1-0.7.8.jar" [locator: {mods folder locator at /home/container/mods}, reader: mod manifest]
[02Aug2026 13:39:36.431] [main/INFO] [net.neoforged.fml.loading.moddiscovery.ModDiscoverer/SCAN]: Found mod file "immersivethunder-neoforge-1.21.1-1.3.0.jar" [locator: {mods folder locator at /home/container/mods}, reader: mod manifest]
[02Aug2026 13:39:36.432] [main/INFO] [net.neoforged.fml.loading.moddiscovery.ModDiscoverer/SCAN]: Found mod file "Incendium_1.21.x_v5.4.4.jar" [locator: {mods folder locator at /home/container/mods}, reader: mod manifest]
[02Aug2026 13:39:36.433] [main/INFO] [net.neoforged.fml.loading.moddiscovery.ModDiscoverer/SCAN]: Found mod file "infernalexp-neoforge-1.21.1-0.3.12.jar" [locator: {mods folder locator at /home/container/mods}, reader: mod manifest]
[02Aug2026 13:39:36.434] [main/INFO] [net.neoforged.fml.loading.moddiscovery.ModDiscoverer/SCAN]: Found mod file "Jade-1.21.1-NeoForge-15.10.5.jar" [locator: {mods folder locator at /home/container/mods}, reader: mod manifest]
[02Aug2026 13:39:36.434] [main/INFO] [net.neoforged.fml.loading.moddiscovery.ModDiscoverer/SCAN]: Found mod file "jei-1.21.1-neoforge-19.39.0.369.jar" [locator: {mods folder locator at /home/container/mods}, reader: mod manifest]
[02Aug2026 13:39:36.435] [main/INFO] [net.neoforged.fml.loading.moddiscovery.ModDiscoverer/SCAN]: Found mod file "kambrik-neoforge-8.0.0-beta.2.jar" [locator: {mods folder locator at /home/container/mods}, reader: mod manifest]
[02Aug2026 13:39:36.436] [main/INFO] [net.neoforged.fml.loading.moddiscovery.ModDiscoverer/SCAN]: Found mod file "konkrete_neoforge_1.9.9_MC_1.21.jar" [locator: {mods folder locator at /home/container/mods}, reader: mod manifest]
[02Aug2026 13:39:36.436] [main/INFO] [net.neoforged.fml.loading.moddiscovery.ModDiscoverer/SCAN]: Found library file "kotlinforforge-5.12.0-all.jar" [locator: {mods folder locator at /home/container/mods}, reader: mod manifest]
[02Aug2026 13:39:36.437] [main/INFO] [net.neoforged.fml.loading.moddiscovery.ModDiscoverer/SCAN]: Found mod file "lithostitched-1.7.13-neoforge-21.1.jar" [locator: {mods folder locator at /home/container/mods}, reader: mod manifest]
[02Aug2026 13:39:36.438] [main/INFO] [net.neoforged.fml.loading.moddiscovery.ModDiscoverer/SCAN]: Found mod file "lootr-neoforge-1.21.1-1.11.37.122.jar" [locator: {mods folder locator at /home/container/mods}, reader: mod manifest]
[02Aug2026 13:39:36.439] [main/INFO] [net.neoforged.fml.loading.moddiscovery.ModDiscoverer/SCAN]: Found mod file "LuminousNetherV1.3.3 0 NeoForge 1.21.1.jar" [locator: {mods folder locator at /home/container/mods}, reader: mod manifest]
[02Aug2026 13:39:36.439] [main/INFO] [net.neoforged.fml.loading.moddiscovery.ModDiscoverer/SCAN]: Found mod file "mcw-bridges-3.1.2-mc1.21.1neoforge.jar" [locator: {mods folder locator at /home/container/mods}, reader: mod manifest]
[02Aug2026 13:39:36.440] [main/INFO] [net.neoforged.fml.loading.moddiscovery.ModDiscoverer/SCAN]: Found mod file "mcw-doors-1.1.5-mc1.21.1neoforge.jar" [locator: {mods folder locator at /home/container/mods}, reader: mod manifest]
[02Aug2026 13:39:36.442] [main/INFO] [net.neoforged.fml.loading.moddiscovery.ModDiscoverer/SCAN]: Found mod file "mcw-furniture-3.4.1-mc1.21.1neoforge.jar" [locator: {mods folder locator at /home/container/mods}, reader: mod manifest]
[02Aug2026 13:39:36.442] [main/INFO] [net.neoforged.fml.loading.moddiscovery.ModDiscoverer/SCAN]: Found mod file "mcw-lights-1.1.5-mc1.21.1neoforge.jar" [locator: {mods folder locator at /home/container/mods}, reader: mod manifest]
[02Aug2026 13:39:36.443] [main/INFO] [net.neoforged.fml.loading.moddiscovery.ModDiscoverer/SCAN]: Found mod file "mcw-mcwfences-1.2.1-mc1.21.1neoforge.jar" [locator: {mods folder locator at /home/container/mods}, reader: mod manifest]
[02Aug2026 13:39:36.444] [main/INFO] [net.neoforged.fml.loading.moddiscovery.ModDiscoverer/SCAN]: Found mod file "mcw-mcwstairs-1.0.2-mc1.21.1neoforge.jar" [locator: {mods folder locator at /home/container/mods}, reader: mod manifest]
[02Aug2026 13:39:36.445] [main/INFO] [net.neoforged.fml.loading.moddiscovery.ModDiscoverer/SCAN]: Found mod file "mcw-mcwwindows-2.4.2-mc1.21.1neoforge.jar" [locator: {mods folder locator at /home/container/mods}, reader: mod manifest]
[02Aug2026 13:39:36.446] [main/INFO] [net.neoforged.fml.loading.moddiscovery.ModDiscoverer/SCAN]: Found mod file "mcw-trapdoors-1.1.5-mc1.21.1neoforge.jar" [locator: {mods folder locator at /home/container/mods}, reader: mod manifest]
[02Aug2026 13:39:36.453] [main/INFO] [net.neoforged.fml.loading.moddiscovery.ModDiscoverer/SCAN]: Found mod file "mcwregionsunexplored-neoforge-1.21.1-1.6.jar" [locator: {mods folder locator at /home/container/mods}, reader: mod manifest]
[02Aug2026 13:39:36.454] [main/INFO] [net.neoforged.fml.loading.moddiscovery.ModDiscoverer/SCAN]: Found mod file "medieval_buildings_nether_edition-1.21.1-1.0.2-neoforge.jar" [locator: {mods folder locator at /home/container/mods}, reader: mod manifest]
[02Aug2026 13:39:36.455] [main/INFO] [net.neoforged.fml.loading.moddiscovery.ModDiscoverer/SCAN]: Found mod file "melody_neoforge_1.0.10_MC_1.21.jar" [locator: {mods folder locator at /home/container/mods}, reader: mod manifest]
[02Aug2026 13:39:36.455] [main/INFO] [net.neoforged.fml.loading.moddiscovery.ModDiscoverer/SCAN]: Found mod file "mobamputationforge-1.21.1-1.0.0.jar" [locator: {mods folder locator at /home/container/mods}, reader: mod manifest]
[02Aug2026 13:39:36.456] [main/INFO] [net.neoforged.fml.loading.moddiscovery.ModDiscoverer/SCAN]: Found mod file "modernfix-neoforge-5.27.20+mc1.21.1.jar" [locator: {mods folder locator at /home/container/mods}, reader: mod manifest]
[02Aug2026 13:39:36.457] [main/INFO] [net.neoforged.fml.loading.moddiscovery.ModDiscoverer/SCAN]: Found mod file "moonlight-neoforge-1.21.1-3.1.1.jar" [locator: {mods folder locator at /home/container/mods}, reader: mod manifest]
[02Aug2026 13:39:36.457] [main/INFO] [net.neoforged.fml.loading.moddiscovery.ModDiscoverer/SCAN]: Found mod file "more_babies-neoforge-1.21.1-2.0.0.jar" [locator: {mods folder locator at /home/container/mods}, reader: mod manifest]
[02Aug2026 13:39:36.458] [main/INFO] [net.neoforged.fml.loading.moddiscovery.ModDiscoverer/SCAN]: Found mod file "more_sounds-1.21.x-0.3.0-beta.jar" [locator: {mods folder locator at /home/container/mods}, reader: mod manifest]
[02Aug2026 13:39:36.458] [main/INFO] [net.neoforged.fml.loading.moddiscovery.ModDiscoverer/SCAN]: Found mod file "mru-1.0.19+LTS+1.21.1+neoforge.jar" [locator: {mods folder locator at /home/container/mods}, reader: mod manifest]
[02Aug2026 13:39:36.459] [main/INFO] [net.neoforged.fml.loading.moddiscovery.ModDiscoverer/SCAN]: Found mod file "MTS Official Pack-1.21.1-V29.jar" [locator: {mods folder locator at /home/container/mods}, reader: mod manifest]
[02Aug2026 13:39:36.460] [main/INFO] [net.neoforged.fml.loading.moddiscovery.ModDiscoverer/SCAN]: Found mod file "MultiMine-neoforge-1.2.0.jar" [locator: {mods folder locator at /home/container/mods}, reader: mod manifest]
[02Aug2026 13:39:36.460] [main/INFO] [net.neoforged.fml.loading.moddiscovery.ModDiscoverer/SCAN]: Found mod file "musketmod-1.21.1-neoforge-1.5.4.jar" [locator: {mods folder locator at /home/container/mods}, reader: mod manifest]
[02Aug2026 13:39:36.460] [main/INFO] [net.neoforged.fml.loading.moddiscovery.ModDiscoverer/SCAN]: Found mod file "MutantMonsters-v21.1.1-1.21.1-NeoForge.jar" [locator: {mods folder locator at /home/container/mods}, reader: mod manifest]
[02Aug2026 13:39:36.461] [main/INFO] [net.neoforged.fml.loading.moddiscovery.ModDiscoverer/SCAN]: Found mod file "naturalist-1.0.2-neoforge-1.21.1.jar" [locator: {mods folder locator at /home/container/mods}, reader: mod manifest]
[02Aug2026 13:39:36.462] [main/INFO] [net.neoforged.fml.loading.moddiscovery.ModDiscoverer/SCAN]: Found mod file "nether_merchant-1.0.3-neoforge-1.21.1.jar" [locator: {mods folder locator at /home/container/mods}, reader: mod manifest]
[02Aug2026 13:39:36.462] [main/INFO] [net.neoforged.fml.loading.moddiscovery.ModDiscoverer/SCAN]: Found mod file "netherite_horse_armor-neoforge-1.21.1-2.0a.jar" [locator: {mods folder locator at /home/container/mods}, reader: mod manifest]
[02Aug2026 13:39:36.463] [main/INFO] [net.neoforged.fml.loading.moddiscovery.ModDiscoverer/SCAN]: Found mod file "noisium-neoforge-2.7.0+mc1.21-1.21.1.jar" [locator: {mods folder locator at /home/container/mods}, reader: mod manifest]
[02Aug2026 13:39:36.463] [main/INFO] [net.neoforged.fml.loading.moddiscovery.ModDiscoverer/SCAN]: Found mod file "nyfsspiders-neoforge-1.21.1-3.0.1.jar" [locator: {mods folder locator at /home/container/mods}, reader: mod manifest]
[02Aug2026 13:39:36.464] [main/INFO] [net.neoforged.fml.loading.moddiscovery.ModDiscoverer/SCAN]: Found mod file "OAmP-1.21.1-V3.jar" [locator: {mods folder locator at /home/container/mods}, reader: mod manifest]
[02Aug2026 13:39:36.464] [main/INFO] [net.neoforged.fml.loading.moddiscovery.ModDiscoverer/SCAN]: Found mod file "OctoLib-NEOFORGE-0.6.2+1.21.jar" [locator: {mods folder locator at /home/container/mods}, reader: mod manifest]
[02Aug2026 13:39:36.465] [main/INFO] [net.neoforged.fml.loading.moddiscovery.ModDiscoverer/SCAN]: Found mod file "ore-vein-miner-1.2.jar" [locator: {mods folder locator at /home/container/mods}, reader: mod manifest]
[02Aug2026 13:39:36.466] [main/INFO] [net.neoforged.fml.loading.moddiscovery.ModDiscoverer/SCAN]: Found mod file "owo-lib-neoforge-0.12.15.5-beta.1+1.21.jar" [locator: {mods folder locator at /home/container/mods}, reader: mod manifest]
[02Aug2026 13:39:36.466] [main/INFO] [net.neoforged.fml.loading.moddiscovery.ModDiscoverer/SCAN]: Found mod file "piglinproliferation-1.21.1-2.0.15.jar" [locator: {mods folder locator at /home/container/mods}, reader: mod manifest]
[02Aug2026 13:39:36.467] [main/INFO] [net.neoforged.fml.loading.moddiscovery.ModDiscoverer/SCAN]: Found mod file "placeableitems-4.8.3.jar" [locator: {mods folder locator at /home/container/mods}, reader: mod manifest]
[02Aug2026 13:39:36.468] [main/INFO] [net.neoforged.fml.loading.moddiscovery.ModDiscoverer/SCAN]: Found mod file "Placebo-1.21.1-9.9.2.jar" [locator: {mods folder locator at /home/container/mods}, reader: mod manifest]
[02Aug2026 13:39:36.468] [main/INFO] [net.neoforged.fml.loading.moddiscovery.ModDiscoverer/SCAN]: Found mod file "player-animation-lib-forge-2.0.4+1.21.1.jar" [locator: {mods folder locator at /home/container/mods}, reader: mod manifest]
[02Aug2026 13:39:36.469] [main/INFO] [net.neoforged.fml.loading.moddiscovery.ModDiscoverer/SCAN]: Found mod file "polymorph-neoforge-1.1.0+1.21.1.jar" [locator: {mods folder locator at /home/container/mods}, reader: mod manifest]
[02Aug2026 13:39:36.469] [main/INFO] [net.neoforged.fml.loading.moddiscovery.ModDiscoverer/SCAN]: Found mod file "PuzzlesLib-v21.1.52-1.21.1-NeoForge.jar" [locator: {mods folder locator at /home/container/mods}, reader: mod manifest]
[02Aug2026 13:39:36.474] [main/INFO] [net.neoforged.fml.loading.moddiscovery.ModDiscoverer/SCAN]: Found mod file "rechiseled-1.2.5-neoforge-mc1.21.jar" [locator: {mods folder locator at /home/container/mods}, reader: mod manifest]
[02Aug2026 13:39:36.475] [main/INFO] [net.neoforged.fml.loading.moddiscovery.ModDiscoverer/SCAN]: Found mod file "rechiseledcreate-1.1.1-neoforge-mc1.21.jar" [locator: {mods folder locator at /home/container/mods}, reader: mod manifest]
[02Aug2026 13:39:36.477] [main/INFO] [net.neoforged.fml.loading.moddiscovery.ModDiscoverer/SCAN]: Found mod file "regions-unexplored-0.6.2-neoforge-21.1.jar" [locator: {mods folder locator at /home/container/mods}, reader: mod manifest]
[02Aug2026 13:39:36.477] [main/INFO] [net.neoforged.fml.loading.moddiscovery.ModDiscoverer/SCAN]: Found mod file "resourcefulconfig-neoforge-1.21-3.0.11.jar" [locator: {mods folder locator at /home/container/mods}, reader: mod manifest]
[02Aug2026 13:39:36.477] [main/INFO] [net.neoforged.fml.loading.moddiscovery.ModDiscoverer/SCAN]: Found mod file "resourcefullib-neoforge-1.21-3.0.12.jar" [locator: {mods folder locator at /home/container/mods}, reader: mod manifest]
[02Aug2026 13:39:36.478] [main/INFO] [net.neoforged.fml.loading.moddiscovery.ModDiscoverer/SCAN]: Found mod file "revervox_mod-1.21.1-2.0.jar" [locator: {mods folder locator at /home/container/mods}, reader: mod manifest]
[02Aug2026 13:39:36.479] [main/INFO] [net.neoforged.fml.loading.moddiscovery.ModDiscoverer/SCAN]: Found mod file "Ribbits-1.21.1-NeoForge-4.1.6.jar" [locator: {mods folder locator at /home/container/mods}, reader: mod manifest]
[02Aug2026 13:39:36.479] [main/INFO] [net.neoforged.fml.loading.moddiscovery.ModDiscoverer/SCAN]: Found mod file "ritchiesprojectilelib-2.1.2+mc.1.21.1-neoforge.jar" [locator: {mods folder locator at /home/container/mods}, reader: mod manifest]
[02Aug2026 13:39:36.480] [main/INFO] [net.neoforged.fml.loading.moddiscovery.ModDiscoverer/SCAN]: Found mod file "rosegoldequipment-1.7.9.jar" [locator: {mods folder locator at /home/container/mods}, reader: mod manifest]
[02Aug2026 13:39:36.480] [main/INFO] [net.neoforged.fml.loading.moddiscovery.ModDiscoverer/SCAN]: Found mod file "sable-neoforge-1.21.1-2.0.3.jar" [locator: {mods folder locator at /home/container/mods}, reader: mod manifest]
[02Aug2026 13:39:36.481] [main/INFO] [net.neoforged.fml.loading.moddiscovery.ModDiscoverer/SCAN]: Found mod file "SC_Leather_Armors-4.4.2-neoforge-1.21.1.jar" [locator: {mods folder locator at /home/container/mods}, reader: mod manifest]
[02Aug2026 13:39:36.483] [main/INFO] [net.neoforged.fml.loading.moddiscovery.ModDiscoverer/SCAN]: Found mod file "ScorchedGuns-1.5.jar" [locator: {mods folder locator at /home/container/mods}, reader: mod manifest]
[02Aug2026 13:39:36.483] [main/INFO] [net.neoforged.fml.loading.moddiscovery.ModDiscoverer/SCAN]: Found mod file "seadwellers-1.0.0-neoforge-1.21.1.jar" [locator: {mods folder locator at /home/container/mods}, reader: mod manifest]
[02Aug2026 13:39:36.484] [main/INFO] [net.neoforged.fml.loading.moddiscovery.ModDiscoverer/SCAN]: Found mod file "Shroomcraft-v21.1.0-mc1.21.1-NeoForge.jar" [locator: {mods folder locator at /home/container/mods}, reader: mod manifest]
[02Aug2026 13:39:36.484] [main/INFO] [net.neoforged.fml.loading.moddiscovery.ModDiscoverer/SCAN]: Found mod file "simpleblood-1.21.1-1.0.3.jar" [locator: {mods folder locator at /home/container/mods}, reader: mod manifest]
[02Aug2026 13:39:36.485] [main/INFO] [net.neoforged.fml.loading.moddiscovery.ModDiscoverer/SCAN]: Found mod file "skeletonhorsespawn-1.21.1-4.1.jar" [locator: {mods folder locator at /home/container/mods}, reader: mod manifest]
[02Aug2026 13:39:36.485] [main/INFO] [net.neoforged.fml.loading.moddiscovery.ModDiscoverer/SCAN]: Found mod file "skin-weathering-neoforge-1.2.2-1.21.1-neoforge.jar" [locator: {mods folder locator at /home/container/mods}, reader: mod manifest]
[02Aug2026 13:39:36.486] [main/INFO] [net.neoforged.fml.loading.moddiscovery.ModDiscoverer/SCAN]: Found mod file "smallships-neoforge-1.21.1-2.0.0-b2.1.jar" [locator: {mods folder locator at /home/container/mods}, reader: mod manifest]
[02Aug2026 13:39:36.486] [main/INFO] [net.neoforged.fml.loading.moddiscovery.ModDiscoverer/SCAN]: Found mod file "smarterfarmers-1.21-2.2.4-neoforge.jar" [locator: {mods folder locator at /home/container/mods}, reader: mod manifest]
[02Aug2026 13:39:36.487] [main/INFO] [net.neoforged.fml.loading.moddiscovery.ModDiscoverer/SCAN]: Found mod file "smoothscrolling-1.21.1-NeoForge-1.0.1.jar" [locator: {mods folder locator at /home/container/mods}, reader: mod manifest]
[02Aug2026 13:39:36.501] [main/INFO] [net.neoforged.fml.loading.moddiscovery.ModDiscoverer/SCAN]: Found mod file "sootychimneys-neoforge-1.3.5.jar" [locator: {mods folder locator at /home/container/mods}, reader: mod manifest]
[02Aug2026 13:39:36.502] [main/INFO] [net.neoforged.fml.loading.moddiscovery.ModDiscoverer/SCAN]: Found mod file "sophisticatedbackpacks-1.21.1-3.25.73.2020.jar" [locator: {mods folder locator at /home/container/mods}, reader: mod manifest]
[02Aug2026 13:39:36.502] [main/INFO] [net.neoforged.fml.loading.moddiscovery.ModDiscoverer/SCAN]: Found mod file "sophisticatedcore-1.21.1-1.4.80.2194.jar" [locator: {mods folder locator at /home/container/mods}, reader: mod manifest]
[02Aug2026 13:39:36.503] [main/INFO] [net.neoforged.fml.loading.moddiscovery.ModDiscoverer/SCAN]: Found mod file "spark-1.10.124-neoforge.jar" [locator: {mods folder locator at /home/container/mods}, reader: mod manifest]
[02Aug2026 13:39:36.505] [main/INFO] [net.neoforged.fml.loading.moddiscovery.ModDiscoverer/SCAN]: Found mod file "starcatcher-3.0.6-NEOFORGE-1.21.1.jar" [locator: {mods folder locator at /home/container/mods}, reader: mod manifest]
[02Aug2026 13:39:36.506] [main/INFO] [net.neoforged.fml.loading.moddiscovery.ModDiscoverer/SCAN]: Found mod file "Stoneworks-v21.1.0-1.21.1-NeoForge.jar" [locator: {mods folder locator at /home/container/mods}, reader: mod manifest]
[02Aug2026 13:39:36.507] [main/INFO] [net.neoforged.fml.loading.moddiscovery.ModDiscoverer/SCAN]: Found mod file "supermartijn642configlib-1.1.8-neoforge-mc1.21.jar" [locator: {mods folder locator at /home/container/mods}, reader: mod manifest]
[02Aug2026 13:39:36.507] [main/INFO] [net.neoforged.fml.loading.moddiscovery.ModDiscoverer/SCAN]: Found mod file "supermartijn642corelib-1.1.21-neoforge-mc1.21.jar" [locator: {mods folder locator at /home/container/mods}, reader: mod manifest]
[02Aug2026 13:39:36.509] [main/INFO] [net.neoforged.fml.loading.moddiscovery.ModDiscoverer/SCAN]: Found mod file "supplementaries-neoforge-1.21.1-3.8.3.jar" [locator: {mods folder locator at /home/container/mods}, reader: mod manifest]
[02Aug2026 13:39:36.510] [main/INFO] [net.neoforged.fml.loading.moddiscovery.ModDiscoverer/SCAN]: Found mod file "tectonic-3.0.26-neoforge-21.1.jar" [locator: {mods folder locator at /home/container/mods}, reader: mod manifest]
[02Aug2026 13:39:36.510] [main/INFO] [net.neoforged.fml.loading.moddiscovery.ModDiscoverer/SCAN]: Found mod file "TerraBlender-neoforge-1.21.1-4.1.0.8.jar" [locator: {mods folder locator at /home/container/mods}, reader: mod manifest]
[02Aug2026 13:39:36.511] [main/INFO] [net.neoforged.fml.loading.moddiscovery.ModDiscoverer/SCAN]: Found mod file "Terralith_1.21.1_v2.6.2_Neoforge.jar" [locator: {mods folder locator at /home/container/mods}, reader: mod manifest]
[02Aug2026 13:39:36.511] [main/INFO] [net.neoforged.fml.loading.moddiscovery.ModDiscoverer/SCAN]: Found mod file "treeharvester-1.21.1-9.1.jar" [locator: {mods folder locator at /home/container/mods}, reader: mod manifest]
[02Aug2026 13:39:36.512] [main/INFO] [net.neoforged.fml.loading.moddiscovery.ModDiscoverer/SCAN]: Found mod file "Twigs-1.21.1-3.1.2.jar" [locator: {mods folder locator at /home/container/mods}, reader: mod manifest]
[02Aug2026 13:39:36.513] [main/INFO] [net.neoforged.fml.loading.moddiscovery.ModDiscoverer/SCAN]: Found mod file "twoplayersonehorse-neoforge-1.21.1-1.0.2.jar" [locator: {mods folder locator at /home/container/mods}, reader: mod manifest]
[02Aug2026 13:39:36.513] [main/INFO] [net.neoforged.fml.loading.moddiscovery.ModDiscoverer/SCAN]: Found mod file "UniversalBoneMeal-v21.1.0-1.21.1-NeoForge.jar" [locator: {mods folder locator at /home/container/mods}, reader: mod manifest]
[02Aug2026 13:39:36.513] [main/INFO] [net.neoforged.fml.loading.moddiscovery.ModDiscoverer/SCAN]: Found mod file "UniversalEnchants-v21.1.6-1.21.1-NeoForge.jar" [locator: {mods folder locator at /home/container/mods}, reader: mod manifest]
[02Aug2026 13:39:36.514] [main/INFO] [net.neoforged.fml.loading.moddiscovery.ModDiscoverer/SCAN]: Found mod file "unusualfishmod-1.21.1-1.1.13.jar" [locator: {mods folder locator at /home/container/mods}, reader: mod manifest]
[02Aug2026 13:39:36.515] [main/INFO] [net.neoforged.fml.loading.moddiscovery.ModDiscoverer/SCAN]: Found mod file "upgrade_aquatic-1.21.1-7.0.1.jar" [locator: {mods folder locator at /home/container/mods}, reader: mod manifest]
[02Aug2026 13:39:36.516] [main/INFO] [net.neoforged.fml.loading.moddiscovery.ModDiscoverer/SCAN]: Found mod file "vercte-satchels-1.2.0.jar" [locator: {mods folder locator at /home/container/mods}, reader: mod manifest]
[02Aug2026 13:39:36.516] [main/INFO] [net.neoforged.fml.loading.moddiscovery.ModDiscoverer/SCAN]: Found mod file "VisualWorkbench-v21.1.1-1.21.1-NeoForge.jar" [locator: {mods folder locator at /home/container/mods}, reader: mod manifest]
[02Aug2026 13:39:36.517] [main/INFO] [net.neoforged.fml.loading.moddiscovery.ModDiscoverer/SCAN]: Found mod file "voicechat-neoforge-1.21.1-2.6.21.jar" [locator: {mods folder locator at /home/container/mods}, reader: mod manifest]
[02Aug2026 13:39:36.517] [main/INFO] [net.neoforged.fml.loading.moddiscovery.ModDiscoverer/SCAN]: Found mod file "voicechatrecording-1.21.1-2.0.jar" [locator: {mods folder locator at /home/container/mods}, reader: mod manifest]
[02Aug2026 13:39:36.518] [main/INFO] [net.neoforged.fml.loading.moddiscovery.ModDiscoverer/SCAN]: Found mod file "VS-Sable-HoseConnectors-0.1.8-1.21.1.jar" [locator: {mods folder locator at /home/container/mods}, reader: mod manifest]
[02Aug2026 13:39:36.536] [main/INFO] [net.neoforged.fml.loading.moddiscovery.ModDiscoverer/SCAN]: Found mod file "watut-neoforge-1.21.0-1.2.7.jar" [locator: {mods folder locator at /home/container/mods}, reader: mod manifest]
[02Aug2026 13:39:36.537] [main/INFO] [net.neoforged.fml.loading.moddiscovery.ModDiscoverer/SCAN]: Found mod file "waystones-neoforge-1.21.1-21.1.37.jar" [locator: {mods folder locator at /home/container/mods}, reader: mod manifest]
[02Aug2026 13:39:36.538] [main/INFO] [net.neoforged.fml.loading.moddiscovery.ModDiscoverer/SCAN]: Found mod file "waystonessable-1.0.5.jar" [locator: {mods folder locator at /home/container/mods}, reader: mod manifest]
[02Aug2026 13:39:36.538] [main/INFO] [net.neoforged.fml.loading.moddiscovery.ModDiscoverer/SCAN]: Found mod file "whistlemount-2.1.2-neoforge-1.21.1.jar" [locator: {mods folder locator at /home/container/mods}, reader: mod manifest]
[02Aug2026 13:39:36.539] [main/INFO] [net.neoforged.fml.loading.moddiscovery.ModDiscoverer/SCAN]: Found mod file "WitherSkeletonTweaks-1.21.1-10.1.1.jar" [locator: {mods folder locator at /home/container/mods}, reader: mod manifest]
[02Aug2026 13:39:36.539] [main/INFO] [net.neoforged.fml.loading.moddiscovery.ModDiscoverer/SCAN]: Found mod file "yet_another_config_lib_v3-3.8.2+1.21.1-neoforge.jar" [locator: {mods folder locator at /home/container/mods}, reader: mod manifest]
[02Aug2026 13:39:36.540] [main/INFO] [net.neoforged.fml.loading.moddiscovery.ModDiscoverer/SCAN]: Found mod file "YungsApi-1.21.1-NeoForge-5.1.6.jar" [locator: {mods folder locator at /home/container/mods}, reader: mod manifest]
[02Aug2026 13:39:36.540] [main/INFO] [net.neoforged.fml.loading.moddiscovery.ModDiscoverer/SCAN]: Found mod file "YungsBetterDungeons-1.21.1-NeoForge-5.1.4.jar" [locator: {mods folder locator at /home/container/mods}, reader: mod manifest]
[02Aug2026 13:39:36.541] [main/INFO] [net.neoforged.fml.loading.moddiscovery.ModDiscoverer/SCAN]: Found mod file "YungsBetterMineshafts-1.21.1-NeoForge-5.1.1.jar" [locator: {mods folder locator at /home/container/mods}, reader: mod manifest]
[02Aug2026 13:39:36.541] [main/INFO] [net.neoforged.fml.loading.moddiscovery.ModDiscoverer/SCAN]: Found mod file "YungsBetterNetherFortresses-1.21.1-NeoForge-3.1.5.jar" [locator: {mods folder locator at /home/container/mods}, reader: mod manifest]
[02Aug2026 13:39:36.542] [main/INFO] [net.neoforged.fml.loading.moddiscovery.ModDiscoverer/SCAN]: Found mod file "YungsBetterOceanMonuments-1.21.1-NeoForge-4.1.2.jar" [locator: {mods folder locator at /home/container/mods}, reader: mod manifest]
[02Aug2026 13:39:36.542] [main/INFO] [net.neoforged.fml.loading.moddiscovery.ModDiscoverer/SCAN]: Found mod file "YungsBetterStrongholds-1.21.1-NeoForge-5.1.3.jar" [locator: {mods folder locator at /home/container/mods}, reader: mod manifest]
[02Aug2026 13:39:36.543] [main/INFO] [net.neoforged.fml.loading.moddiscovery.ModDiscoverer/SCAN]: Found mod file "zombiehorsespawn-1.21.1-5.2.jar" [locator: {mods folder locator at /home/container/mods}, reader: mod manifest]
[02Aug2026 13:39:37.353] [main/WARN] [net.neoforged.jarjar.selection.JarSelector/]: Attempted to select a dependency jar for JarJar which was passed in as source: playeranimator. Using Mod File: /home/container/mods/player-animation-lib-forge-2.0.4+1.21.1.jar
[02Aug2026 13:39:37.353] [main/WARN] [net.neoforged.jarjar.selection.JarSelector/]: Attempted to select a dependency jar for JarJar which was passed in as source: library:net.fabricmc.loader. Using Mod File: /~nonexistent
[02Aug2026 13:39:37.353] [main/WARN] [net.neoforged.jarjar.selection.JarSelector/]: Attempted to select a dependency jar for JarJar which was passed in as source: blueprint. Using Mod File: /home/container/mods/blueprint-1.21.1-8.1.1.jar
[02Aug2026 13:39:37.353] [main/INFO] [net.neoforged.fml.loading.moddiscovery.locators.JarInJarDependencyLocator/]: Found 133 dependencies adding them to mods collection
[02Aug2026 13:39:37.353] [main/INFO] [net.neoforged.fml.loading.moddiscovery.ModDiscoverer/SCAN]: Found mod file "fancytabsections-5.0-NEOFORGE-1.21.1.jar" [parent: starcatcher-3.0.6-NEOFORGE-1.21.1.jar, locator: jarinjar, reader: mod manifest]
[02Aug2026 13:39:37.353] [main/INFO] [net.neoforged.fml.loading.moddiscovery.ModDiscoverer/SCAN]: Found mod file "kuma-api-neoforge-21.0.8+1.21.jar" [parent: balm-neoforge-1.21.1-21.0.63.jar, locator: jarinjar, reader: mod manifest]
[02Aug2026 13:39:37.353] [main/INFO] [net.neoforged.fml.loading.moddiscovery.ModDiscoverer/SCAN]: Found mod file "fabric-renderer-api-v1-3.4.1+9125b6dc19.jar" [parent: forgified-fabric-api-0.116.14+2.3.0+1.21.1.jar, locator: jarinjar, reader: mod manifest]
[02Aug2026 13:39:37.353] [main/INFO] [net.neoforged.fml.loading.moddiscovery.ModDiscoverer/SCAN]: Found mod file "codecui-neoforge-1.21.1-1.1.5.jar" [parent: moonlight-neoforge-1.21.1-3.1.1.jar, locator: jarinjar, reader: mod manifest]
[02Aug2026 13:39:37.353] [main/INFO] [net.neoforged.fml.loading.moddiscovery.ModDiscoverer/SCAN]: Found library file "glsl-processor-0.2.3.jar" [parent: veil-neoforge-1.21.1-4.1.4.jar, locator: jarinjar]
[02Aug2026 13:39:37.353] [main/INFO] [net.neoforged.fml.loading.moddiscovery.ModDiscoverer/SCAN]: Found mod file "tiny-multiblock-lib-neo-1.21.1-3.0.jar" [parent: wds-selling-bin-1.4.1-NEOFORGE-1.21.1.jar, locator: jarinjar, reader: mod manifest]
[02Aug2026 13:39:37.353] [main/INFO] [net.neoforged.fml.loading.moddiscovery.ModDiscoverer/SCAN]: Found mod file "ponder-neoforge-1.0.82+mc1.21.1.jar" [parent: create-1.21.1-6.0.10.jar, locator: jarinjar, reader: mod manifest]
[02Aug2026 13:39:37.353] [main/INFO] [net.neoforged.fml.loading.moddiscovery.ModDiscoverer/SCAN]: Found mod file "fabric-item-api-v1-11.2.0+0c57911319.jar" [parent: forgified-fabric-api-0.116.14+2.3.0+1.21.1.jar, locator: jarinjar, reader: mod manifest]
[02Aug2026 13:39:37.353] [main/INFO] [net.neoforged.fml.loading.moddiscovery.ModDiscoverer/SCAN]: Found mod file "fabric-rendering-fluids-v1-3.1.6+a51883b219.jar" [parent: forgified-fabric-api-0.116.14+2.3.0+1.21.1.jar, locator: jarinjar, reader: mod manifest]
[02Aug2026 13:39:37.353] [main/INFO] [net.neoforged.fml.loading.moddiscovery.ModDiscoverer/SCAN]: Found library file "opensesame-groovy-0.5.13.jar" [parent: groovybundler-2.1.7.jar, locator: jarinjar, reader: mod manifest]
[02Aug2026 13:39:37.353] [main/INFO] [net.neoforged.fml.loading.moddiscovery.ModDiscoverer/SCAN]: Found library file "MixinSquared-0.3.3.jar" [parent: mixinsquared-forge-0.3.3.jar, locator: jarinjar]
[02Aug2026 13:39:37.353] [main/INFO] [net.neoforged.fml.loading.moddiscovery.ModDiscoverer/SCAN]: Found mod file "apollib-1.1.5-neoforge-21.1.jar" [parent: tectonic-3.0.26-neoforge-21.1.jar, locator: jarinjar, reader: mod manifest]
[02Aug2026 13:39:37.353] [main/INFO] [net.neoforged.fml.loading.moddiscovery.ModDiscoverer/SCAN]: Found mod file "wds-selling-bin-1.4.1-NEOFORGE-1.21.1.jar" [parent: starcatcher-3.0.6-NEOFORGE-1.21.1.jar, locator: jarinjar, reader: mod manifest]
[02Aug2026 13:39:37.353] [main/INFO] [net.neoforged.fml.loading.moddiscovery.ModDiscoverer/SCAN]: Found library file "gml-core-7.0.3.jar" [parent: gml-6.0.2.jar, locator: jarinjar, reader: mod manifest]
[02Aug2026 13:39:37.353] [main/INFO] [net.neoforged.fml.loading.moddiscovery.ModDiscoverer/SCAN]: Found library file "groovybundler-2.1.7.jar" [parent: gml-core-7.0.3.jar, locator: jarinjar, reader: mod manifest]
[02Aug2026 13:39:37.353] [main/INFO] [net.neoforged.fml.loading.moddiscovery.ModDiscoverer/SCAN]: Found library file "netty-0.1.4.1.jar" [parent: owo-lib-neoforge-0.12.15.5-beta.1+1.21.jar, locator: jarinjar]
[02Aug2026 13:39:37.353] [main/INFO] [net.neoforged.fml.loading.moddiscovery.ModDiscoverer/SCAN]: Found mod file "fabric-convention-tags-v1-2.1.7+7f945d5b19.jar" [parent: forgified-fabric-api-0.116.14+2.3.0+1.21.1.jar, locator: jarinjar, reader: mod manifest]
[02Aug2026 13:39:37.353] [main/INFO] [net.neoforged.fml.loading.moddiscovery.ModDiscoverer/SCAN]: Found library file "kotlinx-coroutines-core-jvm-1.11.0.jar" [parent: kotlinforforge-5.12.0-all.jar, locator: jarinjar]
[02Aug2026 13:39:37.353] [main/INFO] [net.neoforged.fml.loading.moddiscovery.ModDiscoverer/SCAN]: Found library file "endec-0.1.8.1.jar" [parent: owo-lib-neoforge-0.12.15.5-beta.1+1.21.jar, locator: jarinjar]
[02Aug2026 13:39:37.353] [main/INFO] [net.neoforged.fml.loading.moddiscovery.ModDiscoverer/SCAN]: Found mod file "fabric-block-view-api-v2-1.0.11+e9036fd419.jar" [parent: forgified-fabric-api-0.116.14+2.3.0+1.21.1.jar, locator: jarinjar, reader: mod manifest]
[02Aug2026 13:39:37.353] [main/INFO] [net.neoforged.fml.loading.moddiscovery.ModDiscoverer/SCAN]: Found mod file "fabric-command-api-v2-2.2.28+36d727be19.jar" [parent: forgified-fabric-api-0.116.14+2.3.0+1.21.1.jar, locator: jarinjar, reader: mod manifest]
[02Aug2026 13:39:37.353] [main/INFO] [net.neoforged.fml.loading.moddiscovery.ModDiscoverer/SCAN]: Found mod file "fabric-convention-tags-v2-2.12.0+75d3639619.jar" [parent: forgified-fabric-api-0.116.14+2.3.0+1.21.1.jar, locator: jarinjar, reader: mod manifest]
[02Aug2026 13:39:37.353] [main/INFO] [net.neoforged.fml.loading.moddiscovery.ModDiscoverer/SCAN]: Found mod file "fabric-data-attachment-api-v1-1.4.7+26d408aa19.jar" [parent: forgified-fabric-api-0.116.14+2.3.0+1.21.1.jar, locator: jarinjar, reader: mod manifest]
[02Aug2026 13:39:37.353] [main/INFO] [net.neoforged.fml.loading.moddiscovery.ModDiscoverer/SCAN]: Found mod file "tiny-config-3.1.0-neoforge.jar" [parent: bettercombat-neoforge-2.4.0+1.21.1.jar, locator: jarinjar, reader: mod manifest]
[02Aug2026 13:39:37.353] [main/INFO] [net.neoforged.fml.loading.moddiscovery.ModDiscoverer/SCAN]: Found mod file "veil-neoforge-1.21.1-4.1.4.jar" [parent: sable-neoforge-1.21.1-2.0.3.jar, locator: jarinjar, reader: mod manifest]
[02Aug2026 13:39:37.353] [main/INFO] [net.neoforged.fml.loading.moddiscovery.ModDiscoverer/SCAN]: Found library file "obj-0.4.0.jar" [parent: automobility-0.5.0.h+1.21.1-neoforge.jar, locator: jarinjar]
[02Aug2026 13:39:37.353] [main/INFO] [net.neoforged.fml.loading.moddiscovery.ModDiscoverer/SCAN]: Found mod file "dev.simulated_team.simulated.simulated-neoforge-1.21.1-1.3.0.jar" [parent: create-aeronautics-bundled-1.21.1-1.3.0.jar, locator: jarinjar, reader: mod manifest]
[02Aug2026 13:39:37.353] [main/INFO] [net.neoforged.fml.loading.moddiscovery.ModDiscoverer/SCAN]: Found library file "kotlin-stdlib-jdk7-2.4.0.jar" [parent: kotlinforforge-5.12.0-all.jar, locator: jarinjar]
[02Aug2026 13:39:37.353] [main/INFO] [net.neoforged.fml.loading.moddiscovery.ModDiscoverer/SCAN]: Found library file "kotlin-stdlib-jdk8-2.4.0.jar" [parent: kotlinforforge-5.12.0-all.jar, locator: jarinjar]
[02Aug2026 13:39:37.353] [main/INFO] [net.neoforged.fml.loading.moddiscovery.ModDiscoverer/SCAN]: Found mod file "fabric-screen-api-v1-2.0.26+b4953c7419.jar" [parent: forgified-fabric-api-0.116.14+2.3.0+1.21.1.jar, locator: jarinjar, reader: mod manifest]
[02Aug2026 13:39:37.353] [main/INFO] [net.neoforged.fml.loading.moddiscovery.ModDiscoverer/SCAN]: Found library file "kotlinx-serialization-json-jvm-1.11.0.jar" [parent: kotlinforforge-5.12.0-all.jar, locator: jarinjar]
[02Aug2026 13:39:37.353] [main/INFO] [net.neoforged.fml.loading.moddiscovery.ModDiscoverer/SCAN]: Found library file "bytecodecs-1.1.2.jar" [parent: resourcefullib-neoforge-1.21-3.0.12.jar, locator: jarinjar]
[02Aug2026 13:39:37.353] [main/INFO] [net.neoforged.fml.loading.moddiscovery.ModDiscoverer/SCAN]: Found mod file "fabric-content-registries-v0-8.0.19+5e0d320019.jar" [parent: forgified-fabric-api-0.116.14+2.3.0+1.21.1.jar, locator: jarinjar, reader: mod manifest]
[02Aug2026 13:39:37.353] [main/INFO] [net.neoforged.fml.loading.moddiscovery.ModDiscoverer/SCAN]: Found mod file "diagonalblocks-neoforge-21.1.2.jar" [parent: DiagonalWalls-v21.1.2-1.21.1-NeoForge.jar, locator: jarinjar, reader: mod manifest]
[02Aug2026 13:39:37.353] [main/INFO] [net.neoforged.fml.loading.moddiscovery.ModDiscoverer/SCAN]: Found library file "groovy-json-4.0.24.jar" [parent: groovybundler-2.1.7.jar, locator: jarinjar, reader: mod manifest]
[02Aug2026 13:39:37.353] [main/INFO] [net.neoforged.fml.loading.moddiscovery.ModDiscoverer/SCAN]: Found library file "snakeyaml-2.2.jar" [parent: OctoLib-NEOFORGE-0.6.2+1.21.jar, locator: jarinjar]
[02Aug2026 13:39:37.353] [main/INFO] [net.neoforged.fml.loading.moddiscovery.ModDiscoverer/SCAN]: Found gamelibrary file "mixinextras-neoforge-0.5.3.jar" [parent: neoforge-21.1.248-universal.jar, locator: jarinjar, reader: mod manifest]
[02Aug2026 13:39:37.353] [main/INFO] [net.neoforged.fml.loading.moddiscovery.ModDiscoverer/SCAN]: Found library file "groovy-macro-4.0.24.jar" [parent: groovybundler-2.1.7.jar, locator: jarinjar, reader: mod manifest]
[02Aug2026 13:39:37.353] [main/INFO] [net.neoforged.fml.loading.moddiscovery.ModDiscoverer/SCAN]: Found mod file "fabric-game-rule-api-v1-1.0.53+36d727be19.jar" [parent: forgified-fabric-api-0.116.14+2.3.0+1.21.1.jar, locator: jarinjar, reader: mod manifest]
[02Aug2026 13:39:37.353] [main/INFO] [net.neoforged.fml.loading.moddiscovery.ModDiscoverer/SCAN]: Found mod file "fabric-api-lookup-api-v1-1.6.72+6244b11119.jar" [parent: forgified-fabric-api-0.116.14+2.3.0+1.21.1.jar, locator: jarinjar, reader: mod manifest]
[02Aug2026 13:39:37.353] [main/INFO] [net.neoforged.fml.loading.moddiscovery.ModDiscoverer/SCAN]: Found gamelibrary file "dev.ryanhcode.sable.sable-sable_rapier-1.21.1-2.0.3.jar" [parent: sable-neoforge-1.21.1-2.0.3.jar, locator: jarinjar, reader: mod manifest]
[02Aug2026 13:39:37.353] [main/INFO] [net.neoforged.fml.loading.moddiscovery.ModDiscoverer/SCAN]: Found mod file "awcapi-neoforge-1.21.1-1.0.2.jar" [parent: nyfsspiders-neoforge-1.21.1-3.0.1.jar, locator: jarinjar, reader: mod manifest]
[02Aug2026 13:39:37.353] [main/INFO] [net.neoforged.fml.loading.moddiscovery.ModDiscoverer/SCAN]: Found library file "imageio-metadata-3.12.0.jar" [parent: yet_another_config_lib_v3-3.8.2+1.21.1-neoforge.jar, locator: jarinjar]
[02Aug2026 13:39:37.353] [main/INFO] [net.neoforged.fml.loading.moddiscovery.ModDiscoverer/SCAN]: Found mod file "wdUtils-1.2-NEOFORGE-1.21.1.jar" [parent: fancytabsections-5.0-NEOFORGE-1.21.1.jar, locator: jarinjar, reader: mod manifest]
[02Aug2026 13:39:37.353] [main/INFO] [net.neoforged.fml.loading.moddiscovery.ModDiscoverer/SCAN]: Found library file "kotlin-stdlib-2.4.0.jar" [parent: kotlinforforge-5.12.0-all.jar, locator: jarinjar]
[02Aug2026 13:39:37.353] [main/INFO] [net.neoforged.fml.loading.moddiscovery.ModDiscoverer/SCAN]: Found mod file "cgl-1.21-neoforge-0.5.1.jar" [parent: gml-6.0.2.jar, locator: jarinjar, reader: mod manifest]
[02Aug2026 13:39:37.353] [main/INFO] [net.neoforged.fml.loading.moddiscovery.ModDiscoverer/SCAN]: Found library file "jackson-annotations-2.18.1.jar" [parent: groovybundler-2.1.7.jar, locator: jarinjar, reader: mod manifest]
[02Aug2026 13:39:37.353] [main/INFO] [net.neoforged.fml.loading.moddiscovery.ModDiscoverer/SCAN]: Found library file "groovy-ginq-4.0.24.jar" [parent: groovybundler-2.1.7.jar, locator: jarinjar, reader: mod manifest]
[02Aug2026 13:39:37.353] [main/INFO] [net.neoforged.fml.loading.moddiscovery.ModDiscoverer/SCAN]: Found library file "tomlkt-jvm-0.3.7.jar" [parent: fzzy_config-0.7.6+1.21+neoforge.jar, locator: jarinjar]
[02Aug2026 13:39:37.353] [main/INFO] [net.neoforged.fml.loading.moddiscovery.ModDiscoverer/SCAN]: Found mod file "fabric-entity-events-v1-1.8.0+e46a02ca19.jar" [parent: forgified-fabric-api-0.116.14+2.3.0+1.21.1.jar, locator: jarinjar, reader: mod manifest]
[02Aug2026 13:39:37.353] [main/INFO] [net.neoforged.fml.loading.moddiscovery.ModDiscoverer/SCAN]: Found library file "MathParser.org-mXparser-5.2.1.jar" [parent: immersive_aircraft-1.4.6+1.21.1-neoforge.jar, locator: jarinjar]
[02Aug2026 13:39:37.353] [main/INFO] [net.neoforged.fml.loading.moddiscovery.ModDiscoverer/SCAN]: Found mod file "accessories-neoforge-1.1.0-beta.48+1.21.1.jar" [parent: aether-1.21.1-1.5.10-neoforge.jar, locator: jarinjar, reader: mod manifest]
[02Aug2026 13:39:37.353] [main/INFO] [net.neoforged.fml.loading.moddiscovery.ModDiscoverer/SCAN]: Found library file "resourceful-cosmetics-4j-1.0.3.jar" [parent: CreeperOverhaul-neoforge-1.21.1-4.0.6.jar, locator: jarinjar]
[02Aug2026 13:39:37.353] [main/INFO] [net.neoforged.fml.loading.moddiscovery.ModDiscoverer/SCAN]: Found mod file "cumulus_menus-1.21.1-2.0.7-neoforge.jar" [parent: aether-1.21.1-1.5.10-neoforge.jar, locator: jarinjar, reader: mod manifest]
[02Aug2026 13:39:37.353] [main/INFO] [net.neoforged.fml.loading.moddiscovery.ModDiscoverer/SCAN]: Found library file "commonmark-0.21.0.jar" [parent: mru-1.0.19+LTS+1.21.1+neoforge.jar, locator: jarinjar]
[02Aug2026 13:39:37.353] [main/INFO] [net.neoforged.fml.loading.moddiscovery.ModDiscoverer/SCAN]: Found library file "common-io-3.12.0.jar" [parent: yet_another_config_lib_v3-3.8.2+1.21.1-neoforge.jar, locator: jarinjar]
[02Aug2026 13:39:37.353] [main/INFO] [net.neoforged.fml.loading.moddiscovery.ModDiscoverer/SCAN]: Found mod file "fabric-loot-api-v2-3.0.15+a3ee712d19.jar" [parent: forgified-fabric-api-0.116.14+2.3.0+1.21.1.jar, locator: jarinjar, reader: mod manifest]
[02Aug2026 13:39:37.353] [main/INFO] [net.neoforged.fml.loading.moddiscovery.ModDiscoverer/SCAN]: Found gamelibrary file "mixinsquared-forge-0.3.3.jar" [parent: supplementaries-neoforge-1.21.1-3.8.3.jar, locator: jarinjar, reader: mod manifest]
[02Aug2026 13:39:37.354] [main/INFO] [net.neoforged.fml.loading.moddiscovery.ModDiscoverer/SCAN]: Found mod file "fabric-loot-api-v3-1.0.3+333dfad919.jar" [parent: forgified-fabric-api-0.116.14+2.3.0+1.21.1.jar, locator: jarinjar, reader: mod manifest]
[02Aug2026 13:39:37.354] [main/INFO] [net.neoforged.fml.loading.moddiscovery.ModDiscoverer/SCAN]: Found mod file "libtooltips-2.3.1-NEOFORGE-1.21.1.jar" [parent: starcatcher-3.0.6-NEOFORGE-1.21.1.jar, locator: jarinjar, reader: mod manifest]
[02Aug2026 13:39:37.354] [main/INFO] [net.neoforged.fml.loading.moddiscovery.ModDiscoverer/SCAN]: Found mod file "fabric-rendering-data-attachment-v1-0.3.49+73761d2e19.jar" [parent: forgified-fabric-api-0.116.14+2.3.0+1.21.1.jar, locator: jarinjar, reader: mod manifest]
[02Aug2026 13:39:37.354] [main/INFO] [net.neoforged.fml.loading.moddiscovery.ModDiscoverer/SCAN]: Found library file "imageio-webp-3.12.0.jar" [parent: immersive_paintings-neoforge-1.21.1-0.7.8.jar, locator: jarinjar]
[02Aug2026 13:39:37.354] [main/INFO] [net.neoforged.fml.loading.moddiscovery.ModDiscoverer/SCAN]: Found mod file "nitrogen_internals-1.21.1-1.1.25-neoforge.jar" [parent: aether-1.21.1-1.5.10-neoforge.jar, locator: jarinjar, reader: mod manifest]
[02Aug2026 13:39:37.354] [main/INFO] [net.neoforged.fml.loading.moddiscovery.ModDiscoverer/SCAN]: Found mod file "fabric-networking-api-v1-4.3.1+30a980d919.jar" [parent: forgified-fabric-api-0.116.14+2.3.0+1.21.1.jar, locator: jarinjar, reader: mod manifest]
[02Aug2026 13:39:37.354] [main/INFO] [net.neoforged.fml.loading.moddiscovery.ModDiscoverer/SCAN]: Found library file "kotlinx-serialization-core-jvm-1.11.0.jar" [parent: kotlinforforge-5.12.0-all.jar, locator: jarinjar]
[02Aug2026 13:39:37.354] [main/INFO] [net.neoforged.fml.loading.moddiscovery.ModDiscoverer/SCAN]: Found gamelibrary file "Registrate-MC1.21-1.3.0+67.jar" [parent: create-1.21.1-6.0.10.jar, locator: jarinjar, reader: mod manifest]
[02Aug2026 13:39:37.354] [main/INFO] [net.neoforged.fml.loading.moddiscovery.ModDiscoverer/SCAN]: Found mod file "fabric-lifecycle-events-v1-2.6.0+e40d8add19.jar" [parent: forgified-fabric-api-0.116.14+2.3.0+1.21.1.jar, locator: jarinjar, reader: mod manifest]
[02Aug2026 13:39:37.354] [main/INFO] [net.neoforged.fml.loading.moddiscovery.ModDiscoverer/SCAN]: Found library file "imageio-core-3.12.0.jar" [parent: immersive_paintings-neoforge-1.21.1-0.7.8.jar, locator: jarinjar]
[02Aug2026 13:39:37.354] [main/INFO] [net.neoforged.fml.loading.moddiscovery.ModDiscoverer/SCAN]: Found library file "opensesame-compile-0.5.13.jar" [parent: groovybundler-2.1.7.jar, locator: jarinjar, reader: mod manifest]
[02Aug2026 13:39:37.354] [main/INFO] [net.neoforged.fml.loading.moddiscovery.ModDiscoverer/SCAN]: Found mod file "percale-neoforge-1.0.0-beta.1.jar" [parent: kambrik-neoforge-8.0.0-beta.2.jar, locator: jarinjar, reader: mod manifest]
[02Aug2026 13:39:37.354] [main/INFO] [net.neoforged.fml.loading.moddiscovery.ModDiscoverer/SCAN]: Found mod file "fabric-key-binding-api-v1-1.0.47+62cc7ce119.jar" [parent: forgified-fabric-api-0.116.14+2.3.0+1.21.1.jar, locator: jarinjar, reader: mod manifest]
[02Aug2026 13:39:37.354] [main/INFO] [net.neoforged.fml.loading.moddiscovery.ModDiscoverer/SCAN]: Found mod file "fabric-client-tags-api-v1-1.2.0+5adff2d719.jar" [parent: forgified-fabric-api-0.116.14+2.3.0+1.21.1.jar, locator: jarinjar, reader: mod manifest]
[02Aug2026 13:39:37.354] [main/INFO] [net.neoforged.fml.loading.moddiscovery.ModDiscoverer/SCAN]: Found mod file "fabric-transfer-api-v1-5.4.4+6244b11119.jar" [parent: forgified-fabric-api-0.116.14+2.3.0+1.21.1.jar, locator: jarinjar, reader: mod manifest]
[02Aug2026 13:39:37.354] [main/INFO] [net.neoforged.fml.loading.moddiscovery.ModDiscoverer/SCAN]: Found library file "groovy-templates-4.0.24.jar" [parent: groovybundler-2.1.7.jar, locator: jarinjar, reader: mod manifest]
[02Aug2026 13:39:37.354] [main/INFO] [net.neoforged.fml.loading.moddiscovery.ModDiscoverer/SCAN]: Found library file "jankson-0.1.5.1.jar" [parent: owo-lib-neoforge-0.12.15.5-beta.1+1.21.jar, locator: jarinjar]
[02Aug2026 13:39:37.354] [main/INFO] [net.neoforged.fml.loading.moddiscovery.ModDiscoverer/SCAN]: Found library file "json5-java-3.0.0.jar" [parent: regions-unexplored-0.6.2-neoforge-21.1.jar, locator: jarinjar]
[02Aug2026 13:39:37.354] [main/INFO] [net.neoforged.fml.loading.moddiscovery.ModDiscoverer/SCAN]: Found mod file "fabric-model-loading-api-v1-2.1.0+6e8f52c719.jar" [parent: forgified-fabric-api-0.116.14+2.3.0+1.21.1.jar, locator: jarinjar, reader: mod manifest]
[02Aug2026 13:39:37.354] [main/INFO] [net.neoforged.fml.loading.moddiscovery.ModDiscoverer/SCAN]: Found library file "net.neoforged.neoforge-coremods-21.1.248.jar" [parent: neoforge-21.1.248-universal.jar, locator: jarinjar, reader: mod manifest]
[02Aug2026 13:39:37.354] [main/INFO] [net.neoforged.fml.loading.moddiscovery.ModDiscoverer/SCAN]: Found mod file "common-networking-neoforge-1.0.16-1.21.jar" [parent: gliders-1.21.1-neoforge-1.1.8.jar, locator: jarinjar, reader: mod manifest]
[02Aug2026 13:39:37.354] [main/INFO] [net.neoforged.fml.loading.moddiscovery.ModDiscoverer/SCAN]: Found mod file "dev.eriksonn.aeronautics.aeronautics-neoforge-1.21.1-1.3.0.jar" [parent: create-aeronautics-bundled-1.21.1-1.3.0.jar, locator: jarinjar, reader: mod manifest]
[02Aug2026 13:39:37.354] [main/INFO] [net.neoforged.fml.loading.moddiscovery.ModDiscoverer/SCAN]: Found mod file "fabric-screen-handler-api-v1-1.3.91+8dbc56dd19.jar" [parent: forgified-fabric-api-0.116.14+2.3.0+1.21.1.jar, locator: jarinjar, reader: mod manifest]
[02Aug2026 13:39:37.354] [main/INFO] [net.neoforged.fml.loading.moddiscovery.ModDiscoverer/SCAN]: Found mod file "fabric-resource-loader-v0-1.3.1+4ea8954419.jar" [parent: forgified-fabric-api-0.116.14+2.3.0+1.21.1.jar, locator: jarinjar, reader: mod manifest]
[02Aug2026 13:39:37.354] [main/INFO] [net.neoforged.fml.loading.moddiscovery.ModDiscoverer/SCAN]: Found mod file "fabric-rendering-v1-5.1.0+1a09bd5a19.jar" [parent: forgified-fabric-api-0.116.14+2.3.0+1.21.1.jar, locator: jarinjar, reader: mod manifest]
[02Aug2026 13:39:37.354] [main/INFO] [net.neoforged.fml.loading.moddiscovery.ModDiscoverer/SCAN]: Found library file "jackson-core-2.18.1.jar" [parent: groovybundler-2.1.7.jar, locator: jarinjar, reader: mod manifest]
[02Aug2026 13:39:37.354] [main/INFO] [net.neoforged.fml.loading.moddiscovery.ModDiscoverer/SCAN]: Found mod file "fabric-renderer-indigo-1.7.1+9125b6dc19.jar" [parent: forgified-fabric-api-0.116.14+2.3.0+1.21.1.jar, locator: jarinjar, reader: mod manifest]
[02Aug2026 13:39:37.354] [main/INFO] [net.neoforged.fml.loading.moddiscovery.ModDiscoverer/SCAN]: Found library file "groovy-contracts-4.0.24.jar" [parent: groovybundler-2.1.7.jar, locator: jarinjar, reader: mod manifest]
[02Aug2026 13:39:37.354] [main/INFO] [net.neoforged.fml.loading.moddiscovery.ModDiscoverer/SCAN]: Found library file "yabn-1.0.3.jar" [parent: resourcefullib-neoforge-1.21-3.0.12.jar, locator: jarinjar]
[02Aug2026 13:39:37.354] [main/INFO] [net.neoforged.fml.loading.moddiscovery.ModDiscoverer/SCAN]: Found gamelibrary file "mixinsquared-neoforge-0.1.2-beta.4.jar" [parent: do_a_barrel_roll-neoforge-3.7.3+1.21.jar, locator: jarinjar, reader: mod manifest]
[02Aug2026 13:39:37.354] [main/INFO] [net.neoforged.fml.loading.moddiscovery.ModDiscoverer/SCAN]: Found library file "groovy-dateutil-4.0.24.jar" [parent: groovybundler-2.1.7.jar, locator: jarinjar, reader: mod manifest]
[02Aug2026 13:39:37.354] [main/INFO] [net.neoforged.fml.loading.moddiscovery.ModDiscoverer/SCAN]: Found library file "kotlinx-coroutines-jdk8-1.11.0.jar" [parent: kotlinforforge-5.12.0-all.jar, locator: jarinjar]
[02Aug2026 13:39:37.354] [main/INFO] [net.neoforged.fml.loading.moddiscovery.ModDiscoverer/SCAN]: Found library file "jackson-dataformat-toml-2.18.1.jar" [parent: groovybundler-2.1.7.jar, locator: jarinjar, reader: mod manifest]
[02Aug2026 13:39:37.354] [main/INFO] [net.neoforged.fml.loading.moddiscovery.ModDiscoverer/SCAN]: Found library file "groovy-typecheckers-4.0.24.jar" [parent: groovybundler-2.1.7.jar, locator: jarinjar, reader: mod manifest]
[02Aug2026 13:39:37.354] [main/INFO] [net.neoforged.fml.loading.moddiscovery.ModDiscoverer/SCAN]: Found library file "molang-compiler-3.1.1.19.jar" [parent: veil-neoforge-1.21.1-4.1.4.jar, locator: jarinjar]
[02Aug2026 13:39:37.354] [main/INFO] [net.neoforged.fml.loading.moddiscovery.ModDiscoverer/SCAN]: Found library file "groovy-4.0.24.jar" [parent: groovybundler-2.1.7.jar, locator: jarinjar, reader: mod manifest]
[02Aug2026 13:39:37.354] [main/INFO] [net.neoforged.fml.loading.moddiscovery.ModDiscoverer/SCAN]: Found library file "groovy-toml-4.0.24.jar" [parent: groovybundler-2.1.7.jar, locator: jarinjar, reader: mod manifest]
[02Aug2026 13:39:37.354] [main/INFO] [net.neoforged.fml.loading.moddiscovery.ModDiscoverer/SCAN]: Found mod file "fabric-particles-v1-4.0.2+824f924c19.jar" [parent: forgified-fabric-api-0.116.14+2.3.0+1.21.1.jar, locator: jarinjar, reader: mod manifest]
[02Aug2026 13:39:37.354] [main/INFO] [net.neoforged.fml.loading.moddiscovery.ModDiscoverer/SCAN]: Found library file "common-image-3.12.0.jar" [parent: immersive_paintings-neoforge-1.21.1-0.7.8.jar, locator: jarinjar]
[02Aug2026 13:39:37.354] [main/INFO] [net.neoforged.fml.loading.moddiscovery.ModDiscoverer/SCAN]: Found mod file "fabric-transitive-access-wideners-v1-6.2.0+6c854b6f19.jar" [parent: forgified-fabric-api-0.116.14+2.3.0+1.21.1.jar, locator: jarinjar, reader: mod manifest]
[02Aug2026 13:39:37.354] [main/INFO] [net.neoforged.fml.loading.moddiscovery.ModDiscoverer/SCAN]: Found mod file "dev.ryanhcode.offroad.offroad-neoforge-1.21.1-1.3.0.jar" [parent: create-aeronautics-bundled-1.21.1-1.3.0.jar, locator: jarinjar, reader: mod manifest]
[02Aug2026 13:39:37.354] [main/INFO] [net.neoforged.fml.loading.moddiscovery.ModDiscoverer/SCAN]: Found library file "jankson-1.2.3.jar" [parent: fzzy_config-0.7.6+1.21+neoforge.jar, locator: jarinjar]
[02Aug2026 13:39:37.354] [main/INFO] [net.neoforged.fml.loading.moddiscovery.ModDiscoverer/SCAN]: Found library file "gson-0.1.5.1.jar" [parent: owo-lib-neoforge-0.12.15.5-beta.1+1.21.jar, locator: jarinjar]
[02Aug2026 13:39:37.354] [main/INFO] [net.neoforged.fml.loading.moddiscovery.ModDiscoverer/SCAN]: Found mod file "fabric-api-base-0.4.42+d1308dedd1.jar" [parent: owo-lib-neoforge-0.12.15.5-beta.1+1.21.jar, locator: jarinjar, reader: mod manifest]
[02Aug2026 13:39:37.354] [main/INFO] [net.neoforged.fml.loading.moddiscovery.ModDiscoverer/SCAN]: Found mod file "fabric-blockrenderlayer-v1-1.1.52+c290471319.jar" [parent: forgified-fabric-api-0.116.14+2.3.0+1.21.1.jar, locator: jarinjar, reader: mod manifest]
[02Aug2026 13:39:37.354] [main/INFO] [net.neoforged.fml.loading.moddiscovery.ModDiscoverer/SCAN]: Found library file "jackson-databind-2.18.1.jar" [parent: groovybundler-2.1.7.jar, locator: jarinjar, reader: mod manifest]
[02Aug2026 13:39:37.354] [main/INFO] [net.neoforged.fml.loading.moddiscovery.ModDiscoverer/SCAN]: Found library file "thedarkcolour.kfflang-5.12.0.jar" [parent: kotlinforforge-5.12.0-all.jar, locator: jarinjar, reader: mod manifest]
[02Aug2026 13:39:37.354] [main/INFO] [net.neoforged.fml.loading.moddiscovery.ModDiscoverer/SCAN]: Found mod file "fabric-block-api-v1-1.1.0+b0c22bb819.jar" [parent: forgified-fabric-api-0.116.14+2.3.0+1.21.1.jar, locator: jarinjar, reader: mod manifest]
[02Aug2026 13:39:37.354] [main/INFO] [net.neoforged.fml.loading.moddiscovery.ModDiscoverer/SCAN]: Found mod file "spectrelib-neoforge-0.17.2+1.21.jar" [parent: comforts-neoforge-9.0.5+1.21.1.jar, locator: jarinjar, reader: mod manifest]
[02Aug2026 13:39:37.354] [main/INFO] [net.neoforged.fml.loading.moddiscovery.ModDiscoverer/SCAN]: Found gamelibrary file "thedarkcolour.kfflib-5.12.0.jar" [parent: kotlinforforge-5.12.0-all.jar, locator: jarinjar, reader: mod manifest]
[02Aug2026 13:39:37.354] [main/INFO] [net.neoforged.fml.loading.moddiscovery.ModDiscoverer/SCAN]: Found mod file "fabric-resource-conditions-api-v1-4.3.0+5bdd099819.jar" [parent: forgified-fabric-api-0.116.14+2.3.0+1.21.1.jar, locator: jarinjar, reader: mod manifest]
[02Aug2026 13:39:37.354] [main/INFO] [net.neoforged.fml.loading.moddiscovery.ModDiscoverer/SCAN]: Found mod file "forgeconfigapiport-neoforge-21.1.0.jar" [parent: smallships-neoforge-1.21.1-2.0.0-b2.1.jar, locator: jarinjar, reader: mod manifest]
[02Aug2026 13:39:37.354] [main/INFO] [net.neoforged.fml.loading.moddiscovery.ModDiscoverer/SCAN]: Found mod file "thedarkcolour.kffmod-5.12.0.jar" [parent: kotlinforforge-5.12.0-all.jar, locator: jarinjar, reader: mod manifest]
[02Aug2026 13:39:37.354] [main/INFO] [net.neoforged.fml.loading.moddiscovery.ModDiscoverer/SCAN]: Found library file "gson-0.2.1.jar" [parent: yet_another_config_lib_v3-3.8.2+1.21.1-neoforge.jar, locator: jarinjar]
[02Aug2026 13:39:37.354] [main/INFO] [net.neoforged.fml.loading.moddiscovery.ModDiscoverer/SCAN]: Found library file "kotlin-reflect-2.4.0.jar" [parent: kotlinforforge-5.12.0-all.jar, locator: jarinjar]
[02Aug2026 13:39:37.354] [main/INFO] [net.neoforged.fml.loading.moddiscovery.ModDiscoverer/SCAN]: Found mod file "sable-companion-common-1.21.1-1.6.0.jar" [parent: supplementaries-neoforge-1.21.1-3.8.3.jar, locator: jarinjar, reader: mod manifest]
[02Aug2026 13:39:37.354] [main/INFO] [net.neoforged.fml.loading.moddiscovery.ModDiscoverer/SCAN]: Found mod file "flywheel-neoforge-1.21.1-1.0.6.jar" [parent: create-1.21.1-6.0.10.jar, locator: jarinjar, reader: mod manifest]
[02Aug2026 13:39:37.354] [main/INFO] [net.neoforged.fml.loading.moddiscovery.ModDiscoverer/SCAN]: Found mod file "fabric-item-group-api-v1-4.1.7+e324903319.jar" [parent: forgified-fabric-api-0.116.14+2.3.0+1.21.1.jar, locator: jarinjar, reader: mod manifest]
[02Aug2026 13:39:37.354] [main/INFO] [net.neoforged.fml.loading.moddiscovery.ModDiscoverer/SCAN]: Found library file "opensesame-core-0.5.13.jar" [parent: groovybundler-2.1.7.jar, locator: jarinjar, reader: mod manifest]
[02Aug2026 13:39:37.354] [main/INFO] [net.neoforged.fml.loading.moddiscovery.ModDiscoverer/SCAN]: Found mod file "fabric-gametest-api-v1-2.0.5+29f188ce19.jar" [parent: forgified-fabric-api-0.116.14+2.3.0+1.21.1.jar, locator: jarinjar, reader: mod manifest]
[02Aug2026 13:39:37.354] [main/INFO] [net.neoforged.fml.loading.moddiscovery.ModDiscoverer/SCAN]: Found library file "groovy-datetime-4.0.24.jar" [parent: groovybundler-2.1.7.jar, locator: jarinjar, reader: mod manifest]
[02Aug2026 13:39:37.354] [main/INFO] [net.neoforged.fml.loading.moddiscovery.ModDiscoverer/SCAN]: Found mod file "fabric-biome-api-v1-13.0.31+1e62d33c19.jar" [parent: forgified-fabric-api-0.116.14+2.3.0+1.21.1.jar, locator: jarinjar, reader: mod manifest]
[02Aug2026 13:39:37.354] [main/INFO] [net.neoforged.fml.loading.moddiscovery.ModDiscoverer/SCAN]: Found library file "groovy-macro-library-4.0.24.jar" [parent: groovybundler-2.1.7.jar, locator: jarinjar, reader: mod manifest]
[02Aug2026 13:39:37.354] [main/INFO] [net.neoforged.fml.loading.moddiscovery.ModDiscoverer/SCAN]: Found library file "json-0.2.1.jar" [parent: yet_another_config_lib_v3-3.8.2+1.21.1-neoforge.jar, locator: jarinjar]
[02Aug2026 13:39:37.354] [main/INFO] [net.neoforged.fml.loading.moddiscovery.ModDiscoverer/SCAN]: Found mod file "fabric-registry-sync-v0-5.3.2+f9aace1619.jar" [parent: forgified-fabric-api-0.116.14+2.3.0+1.21.1.jar, locator: jarinjar, reader: mod manifest]
[02Aug2026 13:39:37.354] [main/INFO] [net.neoforged.fml.loading.moddiscovery.ModDiscoverer/SCAN]: Found mod file "fabric-recipe-api-v1-5.0.16+59440bcc19.jar" [parent: forgified-fabric-api-0.116.14+2.3.0+1.21.1.jar, locator: jarinjar, reader: mod manifest]
[02Aug2026 13:39:37.354] [main/INFO] [net.neoforged.fml.loading.moddiscovery.ModDiscoverer/SCAN]: Found mod file "fabric-object-builder-api-v1-15.2.1+cc242efd19.jar" [parent: forgified-fabric-api-0.116.14+2.3.0+1.21.1.jar, locator: jarinjar, reader: mod manifest]
[02Aug2026 13:39:37.354] [main/INFO] [net.neoforged.fml.loading.moddiscovery.ModDiscoverer/SCAN]: Found library file "groovy-nio-4.0.24.jar" [parent: groovybundler-2.1.7.jar, locator: jarinjar, reader: mod manifest]
[02Aug2026 13:39:37.354] [main/INFO] [net.neoforged.fml.loading.moddiscovery.ModDiscoverer/SCAN]: Found mod file "fabric-sound-api-v1-1.0.23+10b84f8419.jar" [parent: forgified-fabric-api-0.116.14+2.3.0+1.21.1.jar, locator: jarinjar, reader: mod manifest]
[02Aug2026 13:39:37.354] [main/INFO] [net.neoforged.fml.loading.moddiscovery.ModDiscoverer/SCAN]: Found library file "groovy-xml-4.0.24.jar" [parent: groovybundler-2.1.7.jar, locator: jarinjar, reader: mod manifest]
[02Aug2026 13:39:37.354] [main/INFO] [net.neoforged.fml.loading.moddiscovery.ModDiscoverer/SCAN]: Found mod file "fabric-message-api-v1-6.0.14+6a754fce19.jar" [parent: forgified-fabric-api-0.116.14+2.3.0+1.21.1.jar, locator: jarinjar, reader: mod manifest]
[02Aug2026 13:39:37.354] [main/INFO] [net.neoforged.fml.loading.moddiscovery.ModDiscoverer/SCAN]: Found library file "common-lang-3.12.0.jar" [parent: immersive_paintings-neoforge-1.21.1-0.7.8.jar, locator: jarinjar]
[02Aug2026 13:39:37.354] [main/INFO] [net.neoforged.fml.loading.moddiscovery.ModDiscoverer/SCAN]: Found mod file "fabric-tag-api-v1-1.3.0+3e2bcb4b19.jar" [parent: forgified-fabric-api-0.116.14+2.3.0+1.21.1.jar, locator: jarinjar, reader: mod manifest]
[02Aug2026 13:39:37.354] [main/INFO] [net.neoforged.fml.loading.moddiscovery.ModDiscoverer/SCAN]: Found mod file "fabric-data-generation-api-v1-20.3.0+3e2bcb4b19.jar" [parent: forgified-fabric-api-0.116.14+2.3.0+1.21.1.jar, locator: jarinjar, reader: mod manifest]
[02Aug2026 13:39:37.354] [main/INFO] [net.neoforged.fml.loading.moddiscovery.ModDiscoverer/SCAN]: Found mod file "fabric-events-interaction-v0-0.7.14+86e0887119.jar" [parent: forgified-fabric-api-0.116.14+2.3.0+1.21.1.jar, locator: jarinjar, reader: mod manifest]
[02Aug2026 13:39:37.417] [main/INFO] [org.sinytra.connector.locator.FabricModsDiscoverer/SCAN]: Fabric mod metadata not found in jar kotlinforforge.all, ignoring
[02Aug2026 13:39:37.558] [main/INFO] [org.sinytra.connector.locator.DependencyResolver/]: Dependency resolution found 0 candidates to load
[02Aug2026 13:39:37.771] [main/INFO] [net.neoforged.fml.loading.moddiscovery.locators.JarInJarDependencyLocator/]: Found 2 dependencies adding them to mods collection
[02Aug2026 13:39:37.771] [main/INFO] [net.neoforged.fml.loading.moddiscovery.ModDiscoverer/SCAN]: Found mod file "org.sinytra.connector-2.0.0-beta.15+1.21.1-mod.jar" [parent: , locator: org.sinytra.connector.locator.ConnectorLocator@4b629f13, reader: mod manifest]
[02Aug2026 13:39:37.771] [main/INFO] [net.neoforged.fml.loading.moddiscovery.ModDiscoverer/SCAN]: Found gamelibrary file "runtime-1.0.0+1.21.1.jar" [parent: , locator: org.sinytra.connector.locator.ConnectorLocator@4b629f13, reader: mod manifest]
[02Aug2026 13:39:37.775] [main/INFO] [net.neoforged.fml.loading.moddiscovery.ModDiscoverer/]: 
     Mod List:
		Name Version (Mod Id)

		Accessories 1.1.0-beta.48+1.21.1 (accessories)
		Adaptive Skin Weathering 0.0NONE (skin_weathering)
		AddonsLib 1.21.1-1.14 (addonslib)
		Advanced Wall Climber API 1.0.2 (awcapi)
		Air Hop 21.1.0 (airhop)
		Alex's Mobs 1.22.17 (alexsmobs)
		Apollib 1.1.5 (apollib)
		AppleSkin 3.0.9+mc1.21 (appleskin)
		Aquaculture 2 2.7.21 (aquaculture)
		Aquaculture Delight 1.2.0 (aquaculturedelight)
		Aquatic Additions 4.3 (aq)
		Aquatic Creepers 1.0.0 (aquatic_creepers)
		Architectury 13.0.8 (architectury)
		Automobility 0.5.0.h (automobility)
		Balm 21.0.63 (balm)
		Better Combat 2.4.0+1.21.1 (bettercombat)
		Better Tridents 21.1.0 (bettertridents)
		betterchunkloading mod 5.4 (betterchunkloading)
		Biolith 3.0.14 (biolith)
		Blueprint 8.1.1 (blueprint)
		Bountiful 8.0.0-beta.2 (bountiful)
		Caelus API 7.0.1+1.21.1 (caelus)
		Carry On 2.2.5 (carryon)
		Carry On + Create Aeronautics Compat 1.1.1 (carryonaerocompat)
		Chimes 2.1.1 (chimes)
		Citadel 2.7.6 (citadel)
		Cloth Config v15 API 15.0.140 (cloth_config)
		Clumps 19.0.0.1 (clumps)
		Cluttered 3.0.3-1.21.1 (cluttered)
		CodecUI 1.21.1-1.1.5 (codecui)
		Collective 8.39 (collective)
		Comforts 9.0.5+1.21.1 (comforts)
		Common Networking 1.0.16-1.21 (commonnetworking)
		CommonGroovyLibrary 0.5.1 (commongroovylibrary)
		Configured 2.6.3 (configured)
		Cool Rain 1.0.1 (coolrain)
		Copycat Aeronautics Sails 0.1.18 (copycat_aeronautics_sails)
		CoroUtil 1.21.0-1.3.8 (coroutil)
		Create 6.0.10 (create)
		Create Aeronautics 1.3.0 (aeronautics_bundled)
		Create Aeronautics 1.3.0 (aeronautics)
		Create Aeronautics - Rechiseled Compat 1.2.2 (aeronautics_rechiseled)
		Create Aeronautics: Discovery 1.4.5 (aeronauticsdiscovery)
		Create Aeronautics: Placeable Wheels 0.2-1.21.1 (create_aeronautics_placeable_wheels)
		Create Aeronautics: Toolgun 0.3.2 (create_aeronautics_toolgun)
		Create Aeronautics: Transmission & Linkage 0.2.5 (aeronautics_utility_objects)
		Create Big Cannons 5.11.7 (createbigcannons)
		Create Cardan Shafts 0.1.6 (sable_kardanwelle)
		Create Crafts & Additions 1.6.0 (createaddition)
		Create Deep Seas 2.2.4 (create_submarine)
		Create Offroad 1.3.0 (offroad)
		Create Simulated 1.3.0 (simulated)
		Create: Aeroworks 1.3.0 (aeroworks)
		Create: Copycats+ 3.0.4+mc.1.21.1-neoforge (copycats)
		Create: Dynamic Village 0.5 (dynamicvillage)
		CreativeCore 2.13.41 (creativecore)
		Creeper Overhaul 4.0.6 (creeperoverhaul)
		Critters and Companions 2.6.1 (crittersandcompanions)
		Cumulus 2.0.7 (cumulus_menus)
		Cupboard mod 3.9 (cupboard)
		Curios API 9.5.1+1.21.1 (curios)
		Custom Nether Portals 1.0.0 (custom_nether_portals)
		Decorative Blocks Reborn 6.0.2 (decorative_blocks)
		Default Options 21.1.8 (defaultoptions)
		Diagonal Blocks 21.1.2 (diagonalblocks)
		Diagonal Fences 21.1.1 (diagonalfences)
		Diagonal Walls 21.1.2 (diagonalwalls)
		Diagonal Windows 21.1.1 (diagonalwindows)
		Do a Barrel Roll 3.7.3 (do_a_barrel_roll)
		Easy Magic 21.1.4 (easymagic)
		Elytra Slot 9.0.2+1.21.1 (elytraslot)
		Enhanced Cats NeoForge 1.21.1 1.0 (enhancedcats)
		Fancy Tab Sections 5.0-NEOFORGE-1.21.1 (fancytabsections)
		Farmer's Delight 1.3.2 (farmersdelight)
		Ferrite Core 7.0.3 (ferritecore)
		Fishermens Trap 3.1.0 (fishermens_trap)
		FishingReal 1.9.1 (fishingreal)
		Flywheel 1.0.6 (flywheel)
		Forge Config API Port 21.1.0 (forgeconfigapiport)
		Forgified Fabric API 0.116.14+2.3.0+1.21.1 (fabric_api)
		Forgified Fabric API Base 0.4.42+d1308dedd1 (fabric_api_base)
		Forgified Fabric API Lookup API (v1) 1.6.72+6244b11119 (fabric_api_lookup_api_v1)
		Forgified Fabric Biome API (v1) 13.0.31+1e62d33c19 (fabric_biome_api_v1)
		Forgified Fabric Block API (v1) 1.1.0+b0c22bb819 (fabric_block_api_v1)
		Forgified Fabric BlockRenderLayer Registration (v1) 1.1.52+c290471319 (fabric_blockrenderlayer_v1)
		Forgified Fabric BlockView API (v2) 1.0.11+e9036fd419 (fabric_block_view_api_v2)
		Forgified Fabric Client Tags 1.2.0+5adff2d719 (fabric_client_tags_api_v1)
		Forgified Fabric Command API (v2) 2.2.28+36d727be19 (fabric_command_api_v2)
		Forgified Fabric Content Registries (v0) 8.0.19+5e0d320019 (fabric_content_registries_v0)
		Forgified Fabric Convention Tags 2.1.7+7f945d5b19 (fabric_convention_tags_v1)
		Forgified Fabric Convention Tags (v2) 2.12.0+75d3639619 (fabric_convention_tags_v2)
		Forgified Fabric Data Attachment API (v1) 1.4.7+26d408aa19 (fabric_data_attachment_api_v1)
		Forgified Fabric Data Generation API (v1) 20.3.0+3e2bcb4b19 (fabric_data_generation_api_v1)
		Forgified Fabric Entity Events (v1) 1.8.0+e46a02ca19 (fabric_entity_events_v1)
		Forgified Fabric Events Interaction (v0) 0.7.14+86e0887119 (fabric_events_interaction_v0)
		Forgified Fabric Game Rule API (v1) 1.0.53+36d727be19 (fabric_game_rule_api_v1)
		Forgified Fabric Game Test API (v1) 2.0.5+29f188ce19 (fabric_gametest_api_v1)
		Forgified Fabric Item API (v1) 11.2.0+0c57911319 (fabric_item_api_v1)
		Forgified Fabric Item Group API (v1) 4.1.7+e324903319 (fabric_item_group_api_v1)
		Forgified Fabric Key Binding API (v1) 1.0.47+62cc7ce119 (fabric_key_binding_api_v1)
		Forgified Fabric Lifecycle Events (v1) 2.6.0+e40d8add19 (fabric_lifecycle_events_v1)
		Forgified Fabric Loot API (v2) 3.0.15+a3ee712d19 (fabric_loot_api_v2)
		Forgified Fabric Loot API (v3) 1.0.3+333dfad919 (fabric_loot_api_v3)
		Forgified Fabric Message API (v1) 6.0.14+6a754fce19 (fabric_message_api_v1)
		Forgified Fabric Model Loading API (v1) 2.1.0+6e8f52c719 (fabric_model_loading_api_v1)
		Forgified Fabric Networking API (v1) 4.3.1+30a980d919 (fabric_networking_api_v1)
		Forgified Fabric Object Builder API (v1) 15.2.1+cc242efd19 (fabric_object_builder_api_v1)
		Forgified Fabric Particles (v1) 4.0.2+824f924c19 (fabric_particles_v1)
		Forgified Fabric Recipe API (v1) 5.0.16+59440bcc19 (fabric_recipe_api_v1)
		Forgified Fabric Registry Sync (v0) 5.3.2+f9aace1619 (fabric_registry_sync_v0)
		Forgified Fabric Renderer - Indigo 1.7.1+9125b6dc19 (fabric_renderer_indigo)
		Forgified Fabric Renderer API (v1) 3.4.1+9125b6dc19 (fabric_renderer_api_v1)
		Forgified Fabric Rendering (v1) 5.1.0+1a09bd5a19 (fabric_rendering_v1)
		Forgified Fabric Rendering Data Attachment (v1) 0.3.49+73761d2e19 (fabric_rendering_data_attachment_v1)
		Forgified Fabric Rendering Fluids (v1) 3.1.6+a51883b219 (fabric_rendering_fluids_v1)
		Forgified Fabric Resource Conditions API (v1) 4.3.0+5bdd099819 (fabric_resource_conditions_api_v1)
		Forgified Fabric Resource Loader (v0) 1.3.1+4ea8954419 (fabric_resource_loader_v0)
		Forgified Fabric Screen API (v1) 2.0.26+b4953c7419 (fabric_screen_api_v1)
		Forgified Fabric Screen Handler API (v1) 1.3.91+8dbc56dd19 (fabric_screen_handler_api_v1)
		Forgified Fabric Sound API (v1) 1.0.23+10b84f8419 (fabric_sound_api_v1)
		Forgified Fabric Tag API (v1) 1.3.0+3e2bcb4b19 (fabric_tag_api_v1)
		Forgified Fabric Transfer API (v1) 5.4.4+6244b11119 (fabric_transfer_api_v1)
		Forgified Fabric Transitive Access Wideners (v1) 6.2.0+6c854b6f19 (fabric_transitive_access_wideners_v1)
		Framework 0.13.11 (framework)
		Friends&Foes 4.0.26 (friendsandfoes)
		Fzzy Config 0.7.6+1.21+neoforge (fzzy_config)
		GeckoLib 4 4.9.2 (geckolib)
		Gliders 1.1.8 (vc_gliders)
		Goblin Traders 1.11.2 (goblintraders)
		Gravestone Mod 1.21.1-1.0.37 (gravestone)
		GroovyModLoader 6.0.2 (gml)
		Guard Villagers 2.4.10 (guardvillagers)
		Horse Breeding Fix 1.1.1 (horsebreedingfix)
		Horseman 1.5.11 (horseman)
		Hybrid Aquatic 1.6.8 (hybrid_aquatic)
		Immersive Aircraft 1.4.6+1.21.1 (immersive_aircraft)
		Immersive Melodies 0.6.4+1.21.1 (immersive_melodies)
		Immersive Paintings 0.7.8 (immersive_paintings)
		Immersive Thunder 1.3.0 (immersivethunder)
		Immersive Vehicles (formerly MTS) 24.0.0 (mts)
		Immersive Vehicles (MTS/IV) - Official Automobile Pack 3 (oamp)
		Immersive Vehicles (MTS/IV) - Official Content Pack 29 (mtsofficialpack)
		Incendium 5.4.3 (incendium)
		Incendium BetterCombat Addon 1.0 (mr_ibca)
		Infernal Expansion 0.3.12 (infernalexp)
		Iron's Simple Blood 1.21.1-1.0.3 (simpleblood)
		Jade 15.10.5+neoforge (jade)
		Just Enough Items 19.39.0.369 (jei)
		Kambrik 8.0.0-beta.2 (kambrik)
		Konkrete 1.9.9 (konkrete)
		Kotlin For Forge 5.12.0 (kotlinforforge)
		KumaAPI 21.0.8 (kuma_api)
		Lithostitched 1.7.13 (lithostitched)
		Lootr 1.21.1-1.11.37.122 (lootr)
		Luminous Nether 1.3.3 (luminous_nether)
		M.R.U 1.0.19+LTS+1.21.1+neoforge (mru)
		Macaw's Bridges 3.1.2 (mcwbridges)
		Macaw's Doors 1.1.5 (mcwdoors)
		Macaw's Fences and Walls 1.2.1 (mcwfences)
		Macaw's Furniture 3.4.1 (mcwfurnitures)
		Macaw's Lights and Lamps 1.1.5 (mcwlights)
		Macaw's Regions Unexplored 1.21.1-1.6 (mcwregionsunexplored)
		Macaw's Stairs and Balconies 1.0.2 (mcwstairs)
		Macaw's Trapdoors 1.1.5 (mcwtrpdoors)
		Macaw's Windows 2.4.2 (mcwwindows)
		Medieval Buildings [The Nether Edition] 1.0.2 (medieval_nether)
		Melody 1.0.10 (melody)
		Minecraft 1.21.1 (minecraft)
		Mob Amputation (Reborn) 1.21.1-1.0.0 (mobamputation)
		ModernFix 5.27.20+mc1.21.1 (modernfix)
		Moonlight Lib 1.21.1-3.1.1 (moonlight)
		More Babies 2.0.0 (more_babies)
		More Sounds 1.21.x-0.3.0-beta (more_sounds)
		MultiMine 1.2.0 (multimine)
		Musket Mod 1.5.4 (musketmod)
		Mutant Monsters 21.1.1 (mutantmonsters)
		Naturalist 1.0.2 (naturalist)
		NeoForge 21.1.248 (neoforge)
		Nether Merchant 1.0.3 (nether_merchant)
		Netherite Horse Armor 1.21.1-2.0a (netherite_horse_armor)
		Nitrogen 1.1.25 (nitrogen_internals)
		Noisium 2.7.0+mc1.21-1.21.1 (noisium)
		Nyf's Spiders 3.0.1 (nyfsspiders)
		OctoLib 0.6.2 (octolib)
		Ore Vein Miner 1.2 (mr_ore_veinminer)
		oωo 0.12.15.5-beta.1+1.21 (owo)
		Percale 1.0.0-beta.1 (percale)
		Piglin Proliferation 2.0.15 (piglinproliferation)
		Placeable Items 4.8.3 (placeableitems)
		Placebo 9.9.2 (placebo)
		Player Animator 2.0.4+1.21.1 (playeranimator)
		Polymorph 1.1.0+1.21.1 (polymorph)
		Ponder 1.0.82+mc1.21.1 (ponder)
		Puzzles Lib 21.1.52 (puzzleslib)
		RealmRPG_SeaDwellers_REMASTER 1.0.0 (seadwellers)
		Rechiseled 1.2.5 (rechiseled)
		Rechiseled: Create 1.1.1 (rechiseledcreate)
		Reconnectible Chains 2.2.5 (connectiblechains)
		Regions Unexplored 0.6.2 (regions_unexplored)
		Resourceful Lib 3.0.12 (resourcefullib)
		Resourcefulconfig 3.0.11 (resourcefulconfig)
		Revervox 2.0 (revervox_mod)
		Ribbits 1.21.1-NeoForge-4.1.6 (ribbits)
		Ritchie's Projectile Library 2.1.2 (ritchiesprojectilelib)
		Rose Gold Equipment 1.7.9 (rosegoldequipment)
		S&C Leather Armors Neo 4.4.2 (chained_leather_armor)
		Sable 2.0.3 (sable)
		Sable Companion 1.6.0 (sablecompanion)
		Scorched Guns 1.5 (scguns)
		Shroomcraft 21.1.0 (shroomcraft)
		Simple Voice Chat 1.21.1-2.6.21 (voicechat)
		Sinytra Connector 2.0.0-beta.15+1.21.1 (connector)
		Skeleton Horse Spawn 4.1 (skeletonhorsespawn)
		Small Ships 2.0.0-b2.1 (smallships)
		Smarter Farmers 1.21-2.2.4 (smarterfarmers)
		Smooth Scrolling Reforged 1.0.1 (smoothscrolling)
		Sooty Chimneys 1.3.5 (sootychimneys)
		Sophisticated Backpacks 3.25.73 (sophisticatedbackpacks)
		Sophisticated Core 1.4.80 (sophisticatedcore)
		spark 1.10.124 (spark)
		SpectreLib 0.17.2+1.21 (spectrelib)
		Starcatcher 3.0.6-NEOFORGE-1.21.1 (starcatcher)
		Stoneworks 21.1.0 (stoneworks)
		SuperMartijn642's Config Library 1.1.8 (supermartijn642configlib)
		SuperMartijn642's Core Lib 1.1.21 (supermartijn642corelib)
		Supplementaries 1.21.1-3.8.3 (supplementaries)
		Tectonic 3.0.26 (tectonic)
		TerraBlender 4.1.0.8 (terrablender)
		Terralith 2.6.2 (terralith)
		The Aether 1.5.10 (aether)
		Tiny Config 3.1.0 (tiny_config)
		Tiny Multiblock Lib 3.0 (tinymultiblocklib)
		Tree Harvester 9.1 (treeharvester)
		Twigs 1.21.1-3.1.2 (twigs)
		TwoPlayersOneHorse 1.0.2 (twoplayersonehorse)
		Universal Bone Meal 21.1.0 (universalbonemeal)
		Universal Enchants 21.1.6 (universalenchants)
		Unusual Fish Mod 1.21.1-1.1.13 (unusualfishmod)
		Upgrade Aquatic 7.0.1 (upgrade_aquatic)
		Veil 4.1.4 (veil)
		Vercte's Satchels 1.2.0 (satchels)
		Visual Workbench 21.1.1 (visualworkbench)
		Voice Chat Recording 2.0 (voicechatrecording)
		VS Sable Hose Connectors 0.1.8 (vsfluidlink)
		Waystones 21.1.37 (waystones)
		WaystonesSable 1.0.5 (waystonessable)
		wd's Selling Bin 1.4.1-NEOFORGE-1.21.1 (selling_bin)
		wd's Tooltips Library 2.3.1-NEOFORGE-1.21.1 (libtooltips)
		wd's Utils 1.2-NEOFORGE-1.21.1 (wdutils)
		What Are They Up To 1.21.0-1.2.7 (watut)
		Whistle Mount 2.1.1 (whistlemount)
		Wither Skeleton Tweaks 10.1.1 (wstweaks)
		YetAnotherConfigLib 3.8.2+1.21.1-neoforge (yet_another_config_lib_v3)
		YUNG's API 1.21.1-NeoForge-5.1.6 (yungsapi)
		YUNG's Better Dungeons 1.21.1-NeoForge-5.1.4 (betterdungeons)
		YUNG's Better Mineshafts 1.21.1-NeoForge-5.1.1 (bettermineshafts)
		YUNG's Better Nether Fortresses 1.21.1-NeoForge-3.1.5 (betterfortresses)
		YUNG's Better Ocean Monuments 1.21.1-NeoForge-4.1.2 (betteroceanmonuments)
		YUNG's Better Strongholds 1.21.1-NeoForge-5.1.3 (betterstrongholds)
		Zombie Horse Spawn 5.2 (zombiehorsespawn)
[02Aug2026 13:39:37.793] [main/ERROR] [net.neoforged.fml.loading.moddiscovery.ModFile/LOADING]: Access transformer file META-INF/accesstransformer.cfg provided by mod wdutils does not exist!
[02Aug2026 13:39:38.139] [main/INFO] [org.sinytra.connector.service.hacks.ModuleLayerMigrator/]: Successfully made module authlib transformable
[02Aug2026 13:39:38.139] [main/INFO] [org.sinytra.connector.service.hacks.ModuleLayerMigrator/]: Successfully made module brigadier transformable
[02Aug2026 13:39:39.401] [main/INFO] [mixin/]: Compatibility level set to JAVA_17
[02Aug2026 13:39:39.404] [main/INFO] [mixin/]: Compatibility level set to JAVA_18
[02Aug2026 13:39:39.405] [main/INFO] [mixin/]: Compatibility level set to JAVA_21
[02Aug2026 13:39:39.515] [main/INFO] [cpw.mods.modlauncher.LaunchServiceHandler/MODLAUNCHER]: Launching target 'forgeserver' with arguments []
[02Aug2026 13:39:39.529] [main/WARN] [mixin/]: Reference map 'betterdungeons.refmap.json' for betterdungeons.mixins.json could not be read. If this is a development environment you can ignore this message
[02Aug2026 13:39:39.570] [main/WARN] [mixin/]: Reference map 'tinymultiblocklib.refmap.json' for tinymultiblocklib.mixins.json could not be read. If this is a development environment you can ignore this message
[02Aug2026 13:39:39.570] [main/WARN] [mixin/]: Reference map 'tinymultiblocklib.refmap.json' for tinymultiblocklib.neoforge.mixins.json could not be read. If this is a development environment you can ignore this message
[02Aug2026 13:39:39.602] [main/INFO] [ModernFix/]: Loaded configuration file for ModernFix 5.27.20+mc1.21.1: 89 options available, 0 override(s) found
[02Aug2026 13:39:39.603] [main/INFO] [ModernFix/]: Applying Nashorn fix
[02Aug2026 13:39:39.607] [main/WARN] [mixin/]: Reference map 'yungsapi.refmap.json' for yungsapi.mixins.json could not be read. If this is a development environment you can ignore this message
[02Aug2026 13:39:39.613] [main/WARN] [mixin/]: Reference map 'kambrik.refmap.json' for kambrik.mixins.json could not be read. If this is a development environment you can ignore this message
[02Aug2026 13:39:39.613] [main/WARN] [mixin/]: Reference map 'guardvillagers.refmap.json' for guardvillagers.mixins.json could not be read. If this is a development environment you can ignore this message
[02Aug2026 13:39:39.615] [main/WARN] [mixin/]: Reference map 'balm.refmap.json' for balm.mixins.json could not be read. If this is a development environment you can ignore this message
[02Aug2026 13:39:39.616] [main/WARN] [mixin/]: Reference map 'betterfortresses.refmap.json' for betterfortresses.mixins.json could not be read. If this is a development environment you can ignore this message
[02Aug2026 13:39:39.618] [main/WARN] [mixin/]: Reference map 'do_a_barrel_roll.refmap.json' for do_a_barrel_roll.mixins.json could not be read. If this is a development environment you can ignore this message
[02Aug2026 13:39:39.618] [main/WARN] [mixin/]: Reference map 'awcapi.refmap.json' for awcapi.mixins.json could not be read. If this is a development environment you can ignore this message
[02Aug2026 13:39:39.619] [main/WARN] [mixin/]: Reference map 'supermartijn642corelib.mixins.refmap.json' for supermartijn642corelib.mixins.json could not be read. If this is a development environment you can ignore this message
[02Aug2026 13:39:39.620] [main/WARN] [mixin/]: Reference map 'curios.refmap.json' for curios.neoforge.mixins.json could not be read. If this is a development environment you can ignore this message
[02Aug2026 13:39:39.620] [main/WARN] [mixin/]: Reference map 'curios.refmap.json' for curios.mixins.json could not be read. If this is a development environment you can ignore this message
[02Aug2026 13:39:39.622] [main/WARN] [mixin/]: Reference map '' for accessories-common.mixins.json could not be read. If this is a development environment you can ignore this message
[02Aug2026 13:39:39.623] [main/WARN] [mixin/]: Reference map '' for accessories-forge.mixins.json could not be read. If this is a development environment you can ignore this message
[02Aug2026 13:39:39.623] [main/WARN] [mixin/]: Reference map 'cumulus_menus.refmap.json' for cumulus_menus.mixins.json could not be read. If this is a development environment you can ignore this message
[02Aug2026 13:39:39.623] [main/WARN] [mixin/]: Reference map 'cumulus_menus.refmap.json' for cumulus_menus.neoforge.mixins.json could not be read. If this is a development environment you can ignore this message
[02Aug2026 13:39:39.624] [main/WARN] [mixin/]: Reference map 'nitrogen_internals.refmap.json' for nitrogen_internals.mixins.json could not be read. If this is a development environment you can ignore this message
[02Aug2026 13:39:39.625] [main/WARN] [mixin/]: Reference map 'bettermineshafts.refmap.json' for bettermineshafts.mixins.json could not be read. If this is a development environment you can ignore this message
[02Aug2026 13:39:39.625] [main/WARN] [mixin/]: Reference map 'elytraslot.refmap.json' for elytraslot-integrations.mixins.json could not be read. If this is a development environment you can ignore this message
[02Aug2026 13:39:39.629] [main/WARN] [mixin/]: Reference map 'aeronautics.refmap.json' for aeronautics.mixins.json could not be read. If this is a development environment you can ignore this message
[02Aug2026 13:39:39.630] [main/WARN] [mixin/]: Reference map 'goblintraders.refmap.json' for goblintraders.common.mixins.json could not be read. If this is a development environment you can ignore this message
[02Aug2026 13:39:39.632] [main/WARN] [mixin/]: Reference map 'offroad.refmap.json' for offroad.mixins.json could not be read. If this is a development environment you can ignore this message
[02Aug2026 13:39:39.633] [main/WARN] [mixin/]: Reference map 'terrablender.refmap.json' for terrablender.mixins.json could not be read. If this is a development environment you can ignore this message
[02Aug2026 13:39:39.633] [main/WARN] [mixin/]: Reference map 'terrablender.refmap.json' for terrablender_neoforge.mixins.json could not be read. If this is a development environment you can ignore this message
[02Aug2026 13:39:39.635] [main/WARN] [mixin/]: Reference map 'custom_nether_portals.refmap.json' for custom_nether_portals.mixins.json could not be read. If this is a development environment you can ignore this message
[02Aug2026 13:39:39.641] [main/WARN] [mixin/]: Reference map 'ponder.refmap.json' for ponder-common.mixins.json could not be read. If this is a development environment you can ignore this message
[02Aug2026 13:39:39.642] [main/WARN] [mixin/]: Reference map 'polymorph.refmap.json' for polymorph.mixins.json could not be read. If this is a development environment you can ignore this message
[02Aug2026 13:39:39.643] [main/WARN] [mixin/]: Reference map 'polymorph.refmap.json' for polymorph-compatibility.mixins.json could not be read. If this is a development environment you can ignore this message
[02Aug2026 13:39:39.646] [main/WARN] [mixin/]: Reference map 'immersive_melodies.refmap.json' for immersive_melodies.mixins.json could not be read. If this is a development environment you can ignore this message
[02Aug2026 13:39:39.648] [main/WARN] [mixin/]: Reference map 'hybrid_aquatic.refmap.json' for hybrid_aquatic.forge.mixins.json could not be read. If this is a development environment you can ignore this message
[02Aug2026 13:39:39.650] [main/WARN] [mixin/]: Reference map '' for satchels.mixins.json could not be read. If this is a development environment you can ignore this message
[02Aug2026 13:39:39.651] [main/WARN] [mixin/]: Reference map 'mixins.medieval_nether.refmap.json' for mixins.medieval_nether.json could not be read. If this is a development environment you can ignore this message
[02Aug2026 13:39:39.651] [main/WARN] [mixin/]: Reference map 'defaultoptions.refmap.json' for defaultoptions.mixins.json could not be read. If this is a development environment you can ignore this message
[02Aug2026 13:39:39.651] [main/WARN] [mixin/]: Reference map 'defaultoptions.refmap.json' for defaultoptions.neoforge.mixins.json could not be read. If this is a development environment you can ignore this message
[02Aug2026 13:39:39.652] [main/WARN] [mixin/]: Reference map 'kuma_api.refmap.json' for kuma_api.mixins.json could not be read. If this is a development environment you can ignore this message
[02Aug2026 13:39:39.653] [main/WARN] [mixin/]: Reference map 'geckolib.refmap.json' for geckolib.mixins.json could not be read. If this is a development environment you can ignore this message
[02Aug2026 13:39:39.655] [main/WARN] [mixin/]: Reference map 'aether.refmap.json' for aether.mixins.json could not be read. If this is a development environment you can ignore this message
[02Aug2026 13:39:39.655] [main/WARN] [mixin/]: Reference map 'naturalist.refmap.json' for naturalist.mixins.json could not be read. If this is a development environment you can ignore this message
[02Aug2026 13:39:39.655] [main/WARN] [mixin/]: Reference map 'betteroceanmonuments.refmap.json' for betteroceanmonuments.mixins.json could not be read. If this is a development environment you can ignore this message
[02Aug2026 13:39:39.656] [main/WARN] [mixin/]: Reference map 'piglinproliferation.refmap.json' for piglinproliferation.mixins.json could not be read. If this is a development environment you can ignore this message
[02Aug2026 13:39:39.656] [main/WARN] [mixin/]: Reference map 'placebo.refmap.json' for placebo.mixins.json could not be read. If this is a development environment you can ignore this message
[02Aug2026 13:39:39.656] [main/WARN] [mixin/]: Reference map 'citadel.refmap.json' for citadel.mixins.json could not be read. If this is a development environment you can ignore this message
[02Aug2026 13:39:39.657] [main/WARN] [mixin/]: Reference map 'simulated.refmap.json' for simulated.mixins.json could not be read. If this is a development environment you can ignore this message
[02Aug2026 13:39:39.658] [main/WARN] [mixin/]: Reference map 'twigs.refmap.json' for twigs.mixins.json could not be read. If this is a development environment you can ignore this message
[02Aug2026 13:39:39.659] [main/WARN] [mixin/]: Reference map 'carryon.refmap.json' for carryon.mixins.json could not be read. If this is a development environment you can ignore this message
[02Aug2026 13:39:39.660] [main/WARN] [mixin/]: Reference map 'melody.refmap.json' for melody.mixins.json could not be read. If this is a development environment you can ignore this message
[02Aug2026 13:39:39.660] [main/WARN] [mixin/]: Reference map 'melody.refmap.json' for melody.neoforge.mixins.json could not be read. If this is a development environment you can ignore this message
[02Aug2026 13:39:39.663] [main/WARN] [mixin/]: Reference map 'konkrete.refmap.json' for konkrete.mixins.json could not be read. If this is a development environment you can ignore this message
[02Aug2026 13:39:39.663] [main/WARN] [mixin/]: Reference map 'konkrete.refmap.json' for konkrete.neoforge.mixins.json could not be read. If this is a development environment you can ignore this message
[02Aug2026 13:39:39.665] [main/WARN] [mixin/]: Reference map 'bountiful.refmap.json' for bountiful.mixins.json could not be read. If this is a development environment you can ignore this message
[02Aug2026 13:39:39.666] [main/WARN] [mixin/]: Reference map 'betterstrongholds.refmap.json' for betterstrongholds.mixins.json could not be read. If this is a development environment you can ignore this message
[02Aug2026 13:39:39.669] [main/WARN] [mixin/]: Reference map 'fishermens_trap.refmap.json' for fishermens_trap.mixins.json could not be read. If this is a development environment you can ignore this message
[02Aug2026 13:39:39.673] [main/WARN] [mixin/]: Reference map 'scguns.refmap.json' for scguns.mixins.json could not be read. If this is a development environment you can ignore this message
[02Aug2026 13:39:39.674] [main/INFO] [dev.ryanhcode.sable.mixin.AbstractSableMixinPlugin/]: Using Vanilla renderer mixins
[02Aug2026 13:39:39.674] [main/INFO] [dev.ryanhcode.sable.mixin.AbstractSableMixinPlugin/]: Using Vanilla renderer mixins
[02Aug2026 13:39:39.676] [main/WARN] [mixin/]: Reference map 'AeronauticsDiscovery.refmap.json' for aeronauticsdiscovery.mixins.json could not be read. If this is a development environment you can ignore this message
[02Aug2026 13:39:39.676] [main/WARN] [mixin/]: Reference map 'waystones.refmap.json' for waystones.mixins.json could not be read. If this is a development environment you can ignore this message
[02Aug2026 13:39:39.681] [main/INFO] [STDOUT/]: [com.sshakusora.waystonessable.mixin.WaystonesSableMixinPlugin:log:234]: [WaystonesSable/MixinPlugin] loaded: Create attached-check API compatible=true, Sable assembleBlocks compatible=true, Sable start-tracking packet compatible=true, Sable stop-tracking packet compatible=true, forceAssemblyMixin=false, disableAssemblyMixin=false, disableTrackingPacketMixins=false
[02Aug2026 13:39:39.682] [main/WARN] [mixin/]: Reference map 'clumps.refmap.json' for clumps.mixins.json could not be read. If this is a development environment you can ignore this message
[02Aug2026 13:39:39.682] [main/WARN] [mixin/]: Reference map 'comforts.refmap.json' for comforts.mixins.json could not be read. If this is a development environment you can ignore this message
[02Aug2026 13:39:39.682] [main/WARN] [mixin/]: Reference map 'decorative_blocks.refmap.json' for decorative_blocks.mixins.json could not be read. If this is a development environment you can ignore this message
[02Aug2026 13:39:39.683] [main/WARN] [mixin/]: Reference map 'decorative_blocks.refmap.json' for decorative_blocks.neoforge.mixins.json could not be read. If this is a development environment you can ignore this message
[02Aug2026 13:39:39.683] [main/WARN] [mixin/]: Reference map 'more_babies.refmap.json' for more_babies.mixins.json could not be read. If this is a development environment you can ignore this message
[02Aug2026 13:39:39.684] [main/WARN] [mixin/]: Reference map 'blueprint.refmap.json' for blueprint.mixins.json could not be read. If this is a development environment you can ignore this message
[02Aug2026 13:39:39.684] [main/WARN] [mixin/]: Reference map 'upgrade_aquatic.refmap.json' for upgrade_aquatic.mixins.json could not be read. If this is a development environment you can ignore this message
[02Aug2026 13:39:39.684] [main/WARN] [mixin/]: Reference map 'friendsandfoes.refmap.json' for friendsandfoes-neoforge.mixins.json could not be read. If this is a development environment you can ignore this message
[02Aug2026 13:39:39.685] [main/WARN] [mixin/]: Reference map 'friendsandfoes.refmap.json' for friendsandfoes-common.mixins.json could not be read. If this is a development environment you can ignore this message
[02Aug2026 13:39:39.686] [main/WARN] [mixin/]: Reference map 'nyfsspiders.refmap.json' for nyfsspiders.mixins.json could not be read. If this is a development environment you can ignore this message
[02Aug2026 13:39:39.687] [main/WARN] [mixin/]: Reference map '${mod_id}.refmap.json' for regions_unexplored.mixins.json could not be read. If this is a development environment you can ignore this message
[02Aug2026 13:39:39.687] [main/WARN] [mixin/]: Reference map '${mod_id}.refmap.json' for regions_unexplored.neoforge.mixins.json could not be read. If this is a development environment you can ignore this message
[02Aug2026 13:39:39.688] [main/WARN] [mixin/]: Reference map 'creativecore.mixins.refmap.json' for creativecore.mixins.json could not be read. If this is a development environment you can ignore this message
[02Aug2026 13:39:39.688] [main/WARN] [mixin/]: Reference map 'creativecore.mixins.refmap.json' for creativecore.forge.mixins.json could not be read. If this is a development environment you can ignore this message
[02Aug2026 13:39:39.689] [main/WARN] [mixin/]: Reference map 'ribbits.refmap.json' for ribbits.mixins.json could not be read. If this is a development environment you can ignore this message
[02Aug2026 13:39:39.689] [main/WARN] [mixin/]: Reference map 'ribbits.refmap.json' for ribbits_neoforge.mixins.json could not be read. If this is a development environment you can ignore this message
[02Aug2026 13:39:39.689] [main/WARN] [mixin/]: Reference map 'immersive_paintings.refmap.json' for immersive_paintings.mixins.json could not be read. If this is a development environment you can ignore this message
[02Aug2026 13:39:39.690] [main/WARN] [mixin/]: Reference map 'immersivethunder.refmap.json' for immersivethunder.mixins.json could not be read. If this is a development environment you can ignore this message
[02Aug2026 13:39:39.690] [main/WARN] [mixin/]: Reference map 'twoplayersonehorse.refmap.json' for twoplayersonehorse.mixins.json could not be read. If this is a development environment you can ignore this message
[02Aug2026 13:39:39.691] [main/WARN] [mixin/]: Reference map 'betterchunkloading.refmap.json' for betterchunkloading.mixins.json could not be read. If this is a development environment you can ignore this message
[02Aug2026 13:39:39.691] [main/WARN] [mixin/]: Reference map 'watut.refmap.json' for watut.mixins.json could not be read. If this is a development environment you can ignore this message
[02Aug2026 13:39:39.692] [main/WARN] [mixin/]: Reference map 'automobility-refmap.json' for automobility.mixins.json could not be read. If this is a development environment you can ignore this message
[02Aug2026 13:39:39.693] [main/WARN] [mixin/]: Reference map 'automobility-refmap.json' for automobility_neoforge.mixins.json could not be read. If this is a development environment you can ignore this message
[02Aug2026 13:39:39.703] [main/WARN] [mixin/]: Reference map '${refmap_target}refmap.json' for ferritecore.predicates.mixin.json could not be read. If this is a development environment you can ignore this message
[02Aug2026 13:39:39.704] [main/WARN] [mixin/]: Reference map '${refmap_target}refmap.json' for ferritecore.fastmap.mixin.json could not be read. If this is a development environment you can ignore this message
[02Aug2026 13:39:39.704] [main/WARN] [mixin/]: Reference map '${refmap_target}refmap.json' for ferritecore.mrl.mixin.json could not be read. If this is a development environment you can ignore this message
[02Aug2026 13:39:39.705] [main/WARN] [mixin/]: Reference map '${refmap_target}refmap.json' for ferritecore.dedupmultipart.mixin.json could not be read. If this is a development environment you can ignore this message
[02Aug2026 13:39:39.706] [main/WARN] [mixin/]: Reference map '${refmap_target}refmap.json' for ferritecore.blockstatecache.mixin.json could not be read. If this is a development environment you can ignore this message
[02Aug2026 13:39:39.706] [main/WARN] [mixin/]: Reference map '${refmap_target}refmap.json' for ferritecore.dedupbakedquad.mixin.json could not be read. If this is a development environment you can ignore this message
[02Aug2026 13:39:39.706] [main/WARN] [mixin/]: Reference map '${refmap_target}refmap.json' for ferritecore.threaddetec.mixin.json could not be read. If this is a development environment you can ignore this message
[02Aug2026 13:39:39.707] [main/WARN] [mixin/]: Reference map '${refmap_target}refmap.json' for ferritecore.modelsides.mixin.json could not be read. If this is a development environment you can ignore this message
[02Aug2026 13:39:39.707] [main/WARN] [mixin/]: Reference map '${refmap_target}refmap.json' for ferritecore.datacomponents.mixin.json could not be read. If this is a development environment you can ignore this message
[02Aug2026 13:39:39.707] [main/WARN] [mixin/]: Reference map '${refmap_target}refmap.json' for ferritecore.accessors.mixin.json could not be read. If this is a development environment you can ignore this message
[02Aug2026 13:39:39.707] [main/WARN] [mixin/]: Reference map 'yet_another_config_lib_v3.refmap.json' for yacl.mixins.json could not be read. If this is a development environment you can ignore this message
[02Aug2026 13:39:39.712] [main/WARN] [mixin/]: Reference map '' for adapter.init.mixins.json could not be read. If this is a development environment you can ignore this message
[02Aug2026 13:39:40.081] [main/WARN] [mixin/]: Error loading class: xfacthd/framedblocks/common/blockentity/doubled/slab/FramedAdjustableDoubleBlockEntity (java.lang.ClassNotFoundException: xfacthd.framedblocks.common.blockentity.doubled.slab.FramedAdjustableDoubleBlockEntity)
[02Aug2026 13:39:40.081] [main/WARN] [mixin/]: @Mixin target xfacthd.framedblocks.common.blockentity.doubled.slab.FramedAdjustableDoubleBlockEntity was not found createbigcannons.mixins.json:compat.framedblocks.FramedAdjustableDoubleBlockEntityAccessor from mod createbigcannons
[02Aug2026 13:39:40.252] [main/ERROR] [net.neoforged.fml.common.asm.RuntimeDistCleaner/DISTXFORM]: Attempted to load class net/minecraft/client/multiplayer/ClientLevel for invalid dist DEDICATED_SERVER
[02Aug2026 13:39:40.253] [main/WARN] [mixin/]: Error loading class: net/minecraft/client/multiplayer/ClientLevel (java.lang.RuntimeException: Attempted to load class net/minecraft/client/multiplayer/ClientLevel for invalid dist DEDICATED_SERVER)
[02Aug2026 13:39:40.258] [main/ERROR] [net.neoforged.fml.common.asm.RuntimeDistCleaner/DISTXFORM]: Attempted to load class net/minecraft/client/multiplayer/ClientLevel for invalid dist DEDICATED_SERVER
[02Aug2026 13:39:40.258] [main/WARN] [mixin/]: Error loading class: net/minecraft/client/multiplayer/ClientLevel (java.lang.RuntimeException: Attempted to load class net/minecraft/client/multiplayer/ClientLevel for invalid dist DEDICATED_SERVER)
[02Aug2026 13:39:40.261] [main/ERROR] [net.neoforged.fml.common.asm.RuntimeDistCleaner/DISTXFORM]: Attempted to load class net/minecraft/client/multiplayer/ClientLevel for invalid dist DEDICATED_SERVER
[02Aug2026 13:39:40.261] [main/WARN] [mixin/]: Error loading class: net/minecraft/client/multiplayer/ClientLevel (java.lang.RuntimeException: Attempted to load class net/minecraft/client/multiplayer/ClientLevel for invalid dist DEDICATED_SERVER)
[02Aug2026 13:39:40.307] [main/INFO] [STDOUT/]: [com.sshakusora.waystonessable.mixin.WaystonesSableMixinPlugin:log:234]: [WaystonesSable/MixinPlugin] Skipping com.sshakusora.waystonessable.mixin.SubLevelAssemblyHelperMixin (Create attached-check API compatible=true, Sable assembleBlocks compatible=true)
[02Aug2026 13:39:40.353] [main/WARN] [mixin/]: Error loading class: net/minecraft/client/gui/screens/CreateBuffetWorldScreen$BiomeList (java.lang.ClassNotFoundException: net.minecraft.client.gui.screens.CreateBuffetWorldScreen$BiomeList)
[02Aug2026 13:39:40.353] [main/WARN] [mixin/]: @Mixin target net.minecraft.client.gui.screens.CreateBuffetWorldScreen$BiomeList was not found regions_unexplored.mixins.json:removals.BiomeListMixin from mod regions_unexplored
[02Aug2026 13:39:40.477] [main/WARN] [mixin/]: Error loading class: org/jetbrains/annotations/ApiStatus$ScheduledForRemoval (java.lang.ClassNotFoundException: org.jetbrains.annotations.ApiStatus$ScheduledForRemoval)
[02Aug2026 13:39:40.482] [main/ERROR] [net.neoforged.fml.common.asm.RuntimeDistCleaner/DISTXFORM]: Attempted to load class net/minecraft/client/multiplayer/ClientLevel for invalid dist DEDICATED_SERVER
[02Aug2026 13:39:40.482] [main/WARN] [mixin/]: Error loading class: net/minecraft/client/multiplayer/ClientLevel (java.lang.RuntimeException: Attempted to load class net/minecraft/client/multiplayer/ClientLevel for invalid dist DEDICATED_SERVER)
[02Aug2026 13:39:40.483] [main/ERROR] [net.neoforged.fml.common.asm.RuntimeDistCleaner/DISTXFORM]: Attempted to load class net/minecraft/client/multiplayer/ClientLevel for invalid dist DEDICATED_SERVER
[02Aug2026 13:39:40.484] [main/WARN] [mixin/]: Error loading class: net/minecraft/client/multiplayer/ClientLevel (java.lang.RuntimeException: Attempted to load class net/minecraft/client/multiplayer/ClientLevel for invalid dist DEDICATED_SERVER)
[02Aug2026 13:39:40.486] [main/ERROR] [net.neoforged.fml.common.asm.RuntimeDistCleaner/DISTXFORM]: Attempted to load class net/minecraft/client/multiplayer/ClientLevel for invalid dist DEDICATED_SERVER
[02Aug2026 13:39:40.487] [main/WARN] [mixin/]: Error loading class: net/minecraft/client/multiplayer/ClientLevel (java.lang.RuntimeException: Attempted to load class net/minecraft/client/multiplayer/ClientLevel for invalid dist DEDICATED_SERVER)
[02Aug2026 13:39:40.488] [main/ERROR] [net.neoforged.fml.common.asm.RuntimeDistCleaner/DISTXFORM]: Attempted to load class net/minecraft/client/multiplayer/ClientLevel for invalid dist DEDICATED_SERVER
[02Aug2026 13:39:40.488] [main/WARN] [mixin/]: Error loading class: net/minecraft/client/multiplayer/ClientLevel (java.lang.RuntimeException: Attempted to load class net/minecraft/client/multiplayer/ClientLevel for invalid dist DEDICATED_SERVER)
[02Aug2026 13:39:40.492] [main/ERROR] [net.neoforged.fml.common.asm.RuntimeDistCleaner/DISTXFORM]: Attempted to load class net/minecraft/client/multiplayer/ClientLevel for invalid dist DEDICATED_SERVER
[02Aug2026 13:39:40.493] [main/WARN] [mixin/]: Error loading class: net/minecraft/client/multiplayer/ClientLevel (java.lang.RuntimeException: Attempted to load class net/minecraft/client/multiplayer/ClientLevel for invalid dist DEDICATED_SERVER)
[02Aug2026 13:39:40.494] [main/ERROR] [net.neoforged.fml.common.asm.RuntimeDistCleaner/DISTXFORM]: Attempted to load class net/minecraft/client/multiplayer/ClientLevel for invalid dist DEDICATED_SERVER
[02Aug2026 13:39:40.494] [main/WARN] [mixin/]: Error loading class: net/minecraft/client/multiplayer/ClientLevel (java.lang.RuntimeException: Attempted to load class net/minecraft/client/multiplayer/ClientLevel for invalid dist DEDICATED_SERVER)
[02Aug2026 13:39:40.598] [main/INFO] [MixinExtras|Service/]: Initializing MixinExtras via com.llamalad7.mixinextras.service.MixinExtrasServiceImpl(version=0.5.3).
[02Aug2026 13:39:40.857] [main/INFO] [net.minecraft.server.Bootstrap/]: ModernFix reached bootstrap stage (5.496 s after launch)
[02Aug2026 13:39:41.359] [main/WARN] [mixin/]: @Inject(@At("INVOKE")) Shift.BY=1 on crittersandcompanions.mixins.json:LivingEntityMixin from mod crittersandcompanions::handler$cgj000$crittersandcompanions$onDie exceeds the maximum allowed value: 0. Increase the value of maxShiftBy to suppress this warning.
[02Aug2026 13:39:41.586] [main/ERROR] [net.neoforged.fml.common.asm.RuntimeDistCleaner/DISTXFORM]: Attempted to load class net/minecraft/client/multiplayer/ClientLevel for invalid dist DEDICATED_SERVER
[02Aug2026 13:39:41.587] [main/WARN] [mixin/]: Error loading class: net/minecraft/client/multiplayer/ClientLevel (java.lang.RuntimeException: Attempted to load class net/minecraft/client/multiplayer/ClientLevel for invalid dist DEDICATED_SERVER)
[02Aug2026 13:39:41.589] [main/ERROR] [net.neoforged.fml.common.asm.RuntimeDistCleaner/DISTXFORM]: Attempted to load class net/minecraft/client/multiplayer/ClientLevel for invalid dist DEDICATED_SERVER
[02Aug2026 13:39:41.589] [main/WARN] [mixin/]: Error loading class: net/minecraft/client/multiplayer/ClientLevel (java.lang.RuntimeException: Attempted to load class net/minecraft/client/multiplayer/ClientLevel for invalid dist DEDICATED_SERVER)
[02Aug2026 13:39:41.592] [main/ERROR] [net.neoforged.fml.common.asm.RuntimeDistCleaner/DISTXFORM]: Attempted to load class net/minecraft/client/multiplayer/ClientLevel for invalid dist DEDICATED_SERVER
[02Aug2026 13:39:41.592] [main/WARN] [mixin/]: Error loading class: net/minecraft/client/multiplayer/ClientLevel (java.lang.RuntimeException: Attempted to load class net/minecraft/client/multiplayer/ClientLevel for invalid dist DEDICATED_SERVER)
[02Aug2026 13:39:42.389] [main/WARN] [mixin/]: Static binding violation: PRIVATE @Overwrite method getTemperature in modernfix-modernfix.mixins.json:perf.remove_biome_temperature_cache.BiomeMixin from mod modernfix cannot reduce visibiliy of PUBLIC target method, visibility will be upgraded.
[02Aug2026 13:39:42.646] [main/WARN] [mixin/]: Method overwrite conflict for isValidRepairItem in bettertridents.common.mixins.json:TridentItemMixin from mod bettertridents, previously written by com.teamabnormals.upgrade_aquatic.core.mixin.TridentItemMixin. Skipping method.
[02Aug2026 13:39:44.232] [main/INFO] [net.minecraft.server.Bootstrap/]: Vanilla bootstrap took 3371 milliseconds
[02Aug2026 13:39:44.366] [main/INFO] [org.groovymc.gml.internal.ModExtensionLoader/]: Skipping extension class org.groovymc.cgl.api.extension.client.MinecraftExtensions: it requires dist CLIENT, but we're running on DEDICATED_SERVER
[02Aug2026 13:39:44.462] [modloading-worker-0/INFO] [net.neoforged.neoforge.common.NeoForgeMod/NEOFORGE-MOD]: NeoForge mod loading, version 21.1.248, for MC 1.21.1
[02Aug2026 13:39:44.470] [modloading-worker-0/INFO] [Veil/]: Veil is initializing.
[02Aug2026 13:39:44.482] [modloading-worker-0/INFO] [biolith/]: Biolith for NeoForge is initializing...
[02Aug2026 13:39:44.483] [modloading-worker-0/INFO] [biolith/]: Enabling Biolith's TerraBlender compatibility layer.
[02Aug2026 13:39:44.512] [modloading-worker-0/INFO] [igobyjake.rosegoldequipment.RoseGoldEquipment/]: Super Sharpener 0
[02Aug2026 13:39:44.512] [modloading-worker-0/INFO] [igobyjake.rosegoldequipment.RoseGoldEquipment/]: sharp as Netherite false
[02Aug2026 13:39:44.512] [modloading-worker-0/INFO] [igobyjake.rosegoldequipment.RoseGoldEquipment/]: tough as Diamond false
[02Aug2026 13:39:44.512] [modloading-worker-0/INFO] [igobyjake.rosegoldequipment.RoseGoldEquipment/]: pink Diamonds false
[02Aug2026 13:39:44.513] [modloading-worker-0/INFO] [igobyjake.rosegoldequipment.RoseGoldEquipment/]: sharp as value N false
[02Aug2026 13:39:44.545] [modloading-worker-0/INFO] [gml/]: Initialised GML mod. Version: 6.0.2
[02Aug2026 13:39:44.549] [modloading-worker-0/INFO] [skin_weathering/]: Adaptive Skin Weathering initializing for NeoForge 1.21.1
[02Aug2026 13:39:44.553] [modloading-worker-0/INFO] [Advanced Wall Climber API/]: Advanced Wall Climber API initialized!
[02Aug2026 13:39:44.595] [modloading-worker-0/INFO] [Moonlight/]: Sending changed configs to client
[02Aug2026 13:39:44.635] [modloading-worker-0/INFO] [commongroovylibrary/]: CGL NeoForge initialised
[02Aug2026 13:39:44.640] [modloading-worker-0/INFO] [noisium/]: Loading Noisium.
[02Aug2026 13:39:44.643] [modloading-worker-0/INFO] [fr.samlegamer.mcwregionsunexplored.McwRegionsUnexplored/]: Macaw's Regions Unexplored Loading...
[02Aug2026 13:39:44.645] [modloading-worker-0/INFO] [Puzzles Lib/]: Constructing components for shroomcraft:common
[02Aug2026 13:39:44.661] [modloading-worker-0/INFO] [Kambrik/]: Creating Kambrik Shared API...
[02Aug2026 13:39:44.662] [modloading-worker-0/INFO] [Kambrik/]: Eh?
[02Aug2026 13:39:44.674] [modloading-worker-0/INFO] [fr.samlegamer.mcwregionsunexplored.McwRegionsUnexplored/]: Macaw's Regions Unexplored Is Charged !
[02Aug2026 13:39:44.696] [modloading-worker-0/INFO] [fr.samlegamer.addonslib.AddonsLib/]: AddonsLib NeoForge !
[02Aug2026 13:39:44.719] [modloading-worker-0/INFO] [Puzzles Lib/]: Constructing components for mutantmonsters:common
[02Aug2026 13:39:44.745] [modloading-worker-0/INFO] [Puzzles Lib/]: Dispatching loading event for config mutantmonsters-common.toml
[02Aug2026 13:39:44.756] [modloading-worker-0/INFO] [com.evandev.connectiblechains.CommonClass/]: Initialized entity types.
[02Aug2026 13:39:44.766] [modloading-worker-0/WARN] [net.minecraft.server.packs.VanillaPackResourcesBuilder/]: Assets URL 'union:/home/container/libraries/net/minecraft/server/1.21.1-20240808.144430/server-1.21.1-20240808.144430-srg.jar%23307!/assets/.mcassetsroot' uses unexpected schema
[02Aug2026 13:39:44.766] [modloading-worker-0/WARN] [net.minecraft.server.packs.VanillaPackResourcesBuilder/]: Assets URL 'union:/home/container/libraries/net/minecraft/server/1.21.1-20240808.144430/server-1.21.1-20240808.144430-srg.jar%23307!/data/.mcassetsroot' uses unexpected schema
[02Aug2026 13:39:44.805] [modloading-worker-0/INFO] [Puzzles Lib/]: Constructing components for visualworkbench:common
[02Aug2026 13:39:44.806] [modloading-worker-0/INFO] [Puzzles Lib/]: Dispatching loading event for config visualworkbench-common.toml
[02Aug2026 13:39:44.815] [modloading-worker-0/INFO] [Puzzles Lib/]: Constructing components for universalbonemeal:common
[02Aug2026 13:39:44.835] [modloading-worker-0/INFO] [Puzzles Lib/]: Constructing components for stoneworks:common
[02Aug2026 13:39:44.836] [modloading-worker-0/INFO] [Puzzles Lib/]: Dispatching loading event for config stoneworks-common.toml
[02Aug2026 13:39:44.927] [modloading-worker-0/WARN] [Supplementaries/]: Dye color white produced diffuse color -1 (white), this should never happen
[02Aug2026 13:39:45.036] [modloading-worker-0/INFO] [thedarkcolour.kotlinforforge.neoforge.test.KotlinForForge/]: Kotlin For Forge Enabled!
[02Aug2026 13:39:45.036] [modloading-worker-0/INFO] [com.simibubi.create.Create/]: Create 6.0.10 initializing! Commit hash: ac0c444d9828da3453ae8cc65338e8de063286fb
[02Aug2026 13:39:45.174] [modloading-worker-0/INFO] [Puzzles Lib/]: Constructing components for puzzleslib:common
[02Aug2026 13:39:45.214] [modloading-worker-0/INFO] [Hybrid Aquatic/]: Hybrid Aquatic loaded.
[02Aug2026 13:39:45.364] [modloading-worker-0/INFO] [net.vyn.whistlemount.WhistleMod/]: WhistleMod initializing...
[02Aug2026 13:39:45.446] [modloading-worker-0/INFO] [ewewukek.musketmod.MusketMod/]: Configuration has been loaded
[02Aug2026 13:39:45.448] [modloading-worker-0/WARN] [mixin/]: Discarding @Unique public method useItemOn in copycats-common.mixins.json:copycat.step.CopycatStepBlockMixin from mod copycats because it already exists in com.simibubi.create.content.decoration.copycat.CopycatStepBlock
[02Aug2026 13:39:45.461] [modloading-worker-0/WARN] [mixin/]: Discarding @Unique public method onLoad in copycats-common.mixins.json:foundation.copycat.CopycatBlockEntityMixin from mod copycats because it already exists in com.simibubi.create.content.decoration.copycat.CopycatBlockEntity
[02Aug2026 13:39:45.465] [modloading-worker-0/WARN] [mixin/]: Discarding @Unique public method useItemOn in copycats-common.mixins.json:copycat.panel.CopycatPanelBlockMixin from mod copycats because it already exists in com.simibubi.create.content.decoration.copycat.CopycatPanelBlock
[02Aug2026 13:39:45.466] [modloading-worker-0/WARN] [mixin/]: Discarding @Unique public method mirror in copycats-common.mixins.json:copycat.panel.CopycatPanelBlockMixin from mod copycats because it already exists in com.simibubi.create.content.decoration.copycat.CopycatPanelBlock
[02Aug2026 13:39:45.466] [modloading-worker-0/WARN] [mixin/]: Discarding @Unique public method rotate in copycats-common.mixins.json:copycat.panel.CopycatPanelBlockMixin from mod copycats because it already exists in com.simibubi.create.content.decoration.copycat.CopycatPanelBlock
[02Aug2026 13:39:45.529] [modloading-worker-0/WARN] [de.keksuccino.melody.Melody/]: [MELODY] Disabling Melody since it's loaded server-side.
[02Aug2026 13:39:45.535] [modloading-worker-0/INFO] [de.keksuccino.konkrete.Konkrete/]: [KONKRETE] Loading v1.9.9 in server-side mode on NEOFORGE!
[02Aug2026 13:39:45.536] [modloading-worker-0/INFO] [de.keksuccino.konkrete.Konkrete/]: ---------------------------
[02Aug2026 13:39:45.536] [modloading-worker-0/INFO] [de.keksuccino.konkrete.Konkrete/]: KONKRETE SHIPS AND USES THE FOLLOWING LIBRARIES:
[02Aug2026 13:39:45.536] [modloading-worker-0/INFO] [de.keksuccino.konkrete.Konkrete/]:  
[02Aug2026 13:39:45.536] [modloading-worker-0/INFO] [de.keksuccino.konkrete.Konkrete/]: Open Imaging Copyright © 2014 Dhyan Blum.
[02Aug2026 13:39:45.536] [modloading-worker-0/INFO] [de.keksuccino.konkrete.Konkrete/]: Open Imaging is licensed under Apache-2.0.
[02Aug2026 13:39:45.536] [modloading-worker-0/INFO] [de.keksuccino.konkrete.Konkrete/]:  
[02Aug2026 13:39:45.536] [modloading-worker-0/INFO] [Puzzles Lib/]: Constructing components for diagonalwalls:common
[02Aug2026 13:39:45.536] [modloading-worker-0/INFO] [de.keksuccino.konkrete.Konkrete/]: JsonPath Copyright © 2017 Jayway.
[02Aug2026 13:39:45.536] [modloading-worker-0/INFO] [de.keksuccino.konkrete.Konkrete/]: JsonPath is licensed under Apache-2.0.
[02Aug2026 13:39:45.536] [modloading-worker-0/INFO] [de.keksuccino.konkrete.Konkrete/]:  
[02Aug2026 13:39:45.536] [modloading-worker-0/INFO] [de.keksuccino.konkrete.Konkrete/]: Json-smart Copyright © netplex.
[02Aug2026 13:39:45.536] [modloading-worker-0/INFO] [de.keksuccino.konkrete.Konkrete/]: Json-smart is licensed under Apache-2.0.
[02Aug2026 13:39:45.536] [modloading-worker-0/INFO] [de.keksuccino.konkrete.Konkrete/]:  
[02Aug2026 13:39:45.536] [modloading-worker-0/INFO] [de.keksuccino.konkrete.Konkrete/]: Exp4j Copyright © Frank Asseg.
[02Aug2026 13:39:45.536] [modloading-worker-0/INFO] [de.keksuccino.konkrete.Konkrete/]: Exp4j is licensed under Apache-2.0. https://github.com/fasseg/exp4j
[02Aug2026 13:39:45.536] [modloading-worker-0/INFO] [de.keksuccino.konkrete.Konkrete/]: ---------------------------
[02Aug2026 13:39:45.536] [modloading-worker-0/INFO] [de.keksuccino.konkrete.Konkrete/]: [KONKRETE] Server-side modules initialized and ready to use!
[02Aug2026 13:39:45.538] [modloading-worker-0/INFO] [Puzzles Lib/]: Constructing components for airhop:common
[02Aug2026 13:39:45.544] [modloading-worker-0/INFO] [Puzzles Lib/]: Constructing components for diagonalblocks:common
[02Aug2026 13:39:45.554] [modloading-worker-0/INFO] [Puzzles Lib/]: Constructing components for diagonalwindows:common
[02Aug2026 13:39:45.569] [modloading-worker-0/INFO] [Collective/]: Loading Collective version 8.39.
[02Aug2026 13:39:45.606] [modloading-worker-0/INFO] [bountiful/]: Registering Network Messages..
[02Aug2026 13:39:45.621] [modloading-worker-0/INFO] [com.cupboard.Cupboard/]: Loaded config for: cupboard.json
[02Aug2026 13:39:45.700] [modloading-worker-0/INFO] [owo/]: chyz: now i just need to painstakingly move jerry (the little tiny lil fella tiny guy man button) to correct spot when recipe book is opened
[02Aug2026 13:39:45.711] [modloading-worker-0/INFO] [Puzzles Lib/]: Constructing components for easymagic:common
[02Aug2026 13:39:45.711] [modloading-worker-0/WARN] [mixin/]: Discarding @Unique public method rotate in copycats-neoforge.mixins.json:foundation.copycat.CopycatBlockMixin from mod copycats because it already exists in com.copycatsplus.copycats.content.copycat.door.CopycatDoorBlock
[02Aug2026 13:39:45.711] [modloading-worker-0/WARN] [mixin/]: Discarding @Unique public method mirror in copycats-neoforge.mixins.json:foundation.copycat.CopycatBlockMixin from mod copycats because it already exists in com.copycatsplus.copycats.content.copycat.door.CopycatDoorBlock
[02Aug2026 13:39:45.711] [modloading-worker-0/WARN] [mixin/]: Discarding @Unique public method useItemOn in copycats-neoforge.mixins.json:foundation.copycat.CopycatBlockMixin from mod copycats because it already exists in com.copycatsplus.copycats.content.copycat.door.CopycatDoorBlock
[02Aug2026 13:39:45.711] [modloading-worker-0/WARN] [mixin/]: Discarding @Unique public method useWithoutItem in copycats-neoforge.mixins.json:foundation.copycat.CopycatBlockMixin from mod copycats because it already exists in com.copycatsplus.copycats.content.copycat.door.CopycatDoorBlock
[02Aug2026 13:39:45.717] [modloading-worker-0/WARN] [mixin/]: Discarding @Unique public method rotate in copycats-neoforge.mixins.json:foundation.copycat.CopycatBlockMixin from mod copycats because it already exists in com.copycatsplus.copycats.content.copycat.fluid_pipe.CopycatGlassFluidPipeBlock
[02Aug2026 13:39:45.717] [modloading-worker-0/WARN] [mixin/]: Discarding @Unique public method mirror in copycats-neoforge.mixins.json:foundation.copycat.CopycatBlockMixin from mod copycats because it already exists in com.copycatsplus.copycats.content.copycat.fluid_pipe.CopycatGlassFluidPipeBlock
[02Aug2026 13:39:45.717] [modloading-worker-0/WARN] [mixin/]: Discarding @Unique public method useItemOn in copycats-neoforge.mixins.json:foundation.copycat.CopycatBlockMixin from mod copycats because it already exists in com.copycatsplus.copycats.content.copycat.fluid_pipe.CopycatGlassFluidPipeBlock
[02Aug2026 13:39:45.717] [modloading-worker-0/WARN] [mixin/]: Discarding @Unique public method useWithoutItem in copycats-neoforge.mixins.json:foundation.copycat.CopycatBlockMixin from mod copycats because it already exists in com.copycatsplus.copycats.content.copycat.fluid_pipe.CopycatGlassFluidPipeBlock
[02Aug2026 13:39:45.728] [modloading-worker-0/WARN] [mixin/]: Discarding @Unique public method rotate in copycats-neoforge.mixins.json:foundation.copycat.multistate.MultiStateCopycatBlockMixin from mod copycats because it already exists in com.copycatsplus.copycats.foundation.copycat.multistate.MultiStateCopycatBlock
[02Aug2026 13:39:45.729] [modloading-worker-0/WARN] [mixin/]: Discarding @Unique public method mirror in copycats-neoforge.mixins.json:foundation.copycat.multistate.MultiStateCopycatBlockMixin from mod copycats because it already exists in com.copycatsplus.copycats.foundation.copycat.multistate.MultiStateCopycatBlock
[02Aug2026 13:39:45.729] [modloading-worker-0/WARN] [mixin/]: Discarding @Unique public method useItemOn in copycats-neoforge.mixins.json:foundation.copycat.multistate.MultiStateCopycatBlockMixin from mod copycats because it already exists in com.copycatsplus.copycats.foundation.copycat.multistate.MultiStateCopycatBlock
[02Aug2026 13:39:45.729] [modloading-worker-0/WARN] [mixin/]: Discarding @Unique public method useWithoutItem in copycats-neoforge.mixins.json:foundation.copycat.multistate.MultiStateCopycatBlockMixin from mod copycats because it already exists in com.copycatsplus.copycats.foundation.copycat.multistate.MultiStateCopycatBlock
[02Aug2026 13:39:45.742] [modloading-worker-0/INFO] [Puzzles Lib/]: Dispatching loading event for config easymagic-common.toml
[02Aug2026 13:39:45.748] [modloading-worker-0/WARN] [mixin/]: Discarding @Unique public method rotate in copycats-neoforge.mixins.json:foundation.copycat.CopycatBlockMixin from mod copycats because it already exists in com.copycatsplus.copycats.content.copycat.sliding_door.CopycatSlidingDoorBlock
[02Aug2026 13:39:45.748] [modloading-worker-0/WARN] [mixin/]: Discarding @Unique public method mirror in copycats-neoforge.mixins.json:foundation.copycat.CopycatBlockMixin from mod copycats because it already exists in com.copycatsplus.copycats.content.copycat.sliding_door.CopycatSlidingDoorBlock
[02Aug2026 13:39:45.748] [modloading-worker-0/WARN] [mixin/]: Discarding @Unique public method useItemOn in copycats-neoforge.mixins.json:foundation.copycat.CopycatBlockMixin from mod copycats because it already exists in com.copycatsplus.copycats.content.copycat.sliding_door.CopycatSlidingDoorBlock
[02Aug2026 13:39:45.748] [modloading-worker-0/WARN] [mixin/]: Discarding @Unique public method useWithoutItem in copycats-neoforge.mixins.json:foundation.copycat.CopycatBlockMixin from mod copycats because it already exists in com.copycatsplus.copycats.content.copycat.sliding_door.CopycatSlidingDoorBlock
[02Aug2026 13:39:45.754] [modloading-worker-0/WARN] [mixin/]: Discarding @Unique public method rotate in copycats-neoforge.mixins.json:foundation.copycat.CopycatBlockMixin from mod copycats because it already exists in com.copycatsplus.copycats.foundation.copycat.CCCopycatBlock
[02Aug2026 13:39:45.755] [modloading-worker-0/WARN] [mixin/]: Discarding @Unique public method mirror in copycats-neoforge.mixins.json:foundation.copycat.CopycatBlockMixin from mod copycats because it already exists in com.copycatsplus.copycats.foundation.copycat.CCCopycatBlock
[02Aug2026 13:39:45.755] [modloading-worker-0/WARN] [mixin/]: Discarding @Unique public method useItemOn in copycats-neoforge.mixins.json:foundation.copycat.CopycatBlockMixin from mod copycats because it already exists in com.copycatsplus.copycats.foundation.copycat.CCCopycatBlock
[02Aug2026 13:39:45.755] [modloading-worker-0/WARN] [mixin/]: Discarding @Unique public method useWithoutItem in copycats-neoforge.mixins.json:foundation.copycat.CopycatBlockMixin from mod copycats because it already exists in com.copycatsplus.copycats.foundation.copycat.CCCopycatBlock
[02Aug2026 13:39:45.767] [modloading-worker-0/INFO] [YetAnotherConfigLib/]: Deserializing CACCommonConfig from '/home/container/config/crittersandcompanions-common.json5'
[02Aug2026 13:39:45.770] [modloading-worker-0/WARN] [mixin/]: Discarding @Unique public method rotate in copycats-neoforge.mixins.json:foundation.copycat.CopycatBlockMixin from mod copycats because it already exists in com.copycatsplus.copycats.content.copycat.button.CopycatButtonBlock
[02Aug2026 13:39:45.770] [modloading-worker-0/WARN] [mixin/]: Discarding @Unique public method mirror in copycats-neoforge.mixins.json:foundation.copycat.CopycatBlockMixin from mod copycats because it already exists in com.copycatsplus.copycats.content.copycat.button.CopycatButtonBlock
[02Aug2026 13:39:45.770] [modloading-worker-0/WARN] [mixin/]: Discarding @Unique public method useItemOn in copycats-neoforge.mixins.json:foundation.copycat.CopycatBlockMixin from mod copycats because it already exists in com.copycatsplus.copycats.content.copycat.button.CopycatButtonBlock
[02Aug2026 13:39:45.770] [modloading-worker-0/WARN] [mixin/]: Discarding @Unique public method useWithoutItem in copycats-neoforge.mixins.json:foundation.copycat.CopycatBlockMixin from mod copycats because it already exists in com.copycatsplus.copycats.content.copycat.button.CopycatButtonBlock
[02Aug2026 13:39:45.807] [modloading-worker-0/WARN] [mixin/]: Discarding @Unique public method rotate in copycats-neoforge.mixins.json:foundation.copycat.CopycatBlockMixin from mod copycats because it already exists in com.copycatsplus.copycats.content.copycat.fence.CopycatFenceBlock
[02Aug2026 13:39:45.807] [modloading-worker-0/WARN] [mixin/]: Discarding @Unique public method mirror in copycats-neoforge.mixins.json:foundation.copycat.CopycatBlockMixin from mod copycats because it already exists in com.copycatsplus.copycats.content.copycat.fence.CopycatFenceBlock
[02Aug2026 13:39:45.807] [modloading-worker-0/WARN] [mixin/]: Discarding @Unique public method useItemOn in copycats-neoforge.mixins.json:foundation.copycat.CopycatBlockMixin from mod copycats because it already exists in com.copycatsplus.copycats.content.copycat.fence.CopycatFenceBlock
[02Aug2026 13:39:45.807] [modloading-worker-0/WARN] [mixin/]: Discarding @Unique public method useWithoutItem in copycats-neoforge.mixins.json:foundation.copycat.CopycatBlockMixin from mod copycats because it already exists in com.copycatsplus.copycats.content.copycat.fence.CopycatFenceBlock
[02Aug2026 13:39:45.811] [modloading-worker-0/WARN] [mixin/]: Discarding @Unique public method rotate in copycats-neoforge.mixins.json:foundation.copycat.CopycatBlockMixin from mod copycats because it already exists in com.copycatsplus.copycats.content.copycat.fence_gate.CopycatFenceGateBlock
[02Aug2026 13:39:45.812] [modloading-worker-0/WARN] [mixin/]: Discarding @Unique public method mirror in copycats-neoforge.mixins.json:foundation.copycat.CopycatBlockMixin from mod copycats because it already exists in com.copycatsplus.copycats.content.copycat.fence_gate.CopycatFenceGateBlock
[02Aug2026 13:39:45.812] [modloading-worker-0/WARN] [mixin/]: Discarding @Unique public method useItemOn in copycats-neoforge.mixins.json:foundation.copycat.CopycatBlockMixin from mod copycats because it already exists in com.copycatsplus.copycats.content.copycat.fence_gate.CopycatFenceGateBlock
[02Aug2026 13:39:45.812] [modloading-worker-0/WARN] [mixin/]: Discarding @Unique public method useWithoutItem in copycats-neoforge.mixins.json:foundation.copycat.CopycatBlockMixin from mod copycats because it already exists in com.copycatsplus.copycats.content.copycat.fence_gate.CopycatFenceGateBlock
[02Aug2026 13:39:45.825] [modloading-worker-0/WARN] [mixin/]: Discarding @Unique public method rotate in copycats-neoforge.mixins.json:foundation.copycat.CopycatBlockMixin from mod copycats because it already exists in com.copycatsplus.copycats.content.copycat.ladder.CopycatLadderBlock
[02Aug2026 13:39:45.825] [modloading-worker-0/WARN] [mixin/]: Discarding @Unique public method mirror in copycats-neoforge.mixins.json:foundation.copycat.CopycatBlockMixin from mod copycats because it already exists in com.copycatsplus.copycats.content.copycat.ladder.CopycatLadderBlock
[02Aug2026 13:39:45.825] [modloading-worker-0/WARN] [mixin/]: Discarding @Unique public method useItemOn in copycats-neoforge.mixins.json:foundation.copycat.CopycatBlockMixin from mod copycats because it already exists in com.copycatsplus.copycats.content.copycat.ladder.CopycatLadderBlock
[02Aug2026 13:39:45.825] [modloading-worker-0/WARN] [mixin/]: Discarding @Unique public method useWithoutItem in copycats-neoforge.mixins.json:foundation.copycat.CopycatBlockMixin from mod copycats because it already exists in com.copycatsplus.copycats.content.copycat.ladder.CopycatLadderBlock
[02Aug2026 13:39:45.831] [modloading-worker-0/WARN] [mixin/]: Discarding @Unique public method rotate in copycats-neoforge.mixins.json:foundation.copycat.CopycatBlockMixin from mod copycats because it already exists in com.copycatsplus.copycats.content.copycat.pressure_plate.CopycatPressurePlateBlock
[02Aug2026 13:39:45.831] [modloading-worker-0/WARN] [mixin/]: Discarding @Unique public method mirror in copycats-neoforge.mixins.json:foundation.copycat.CopycatBlockMixin from mod copycats because it already exists in com.copycatsplus.copycats.content.copycat.pressure_plate.CopycatPressurePlateBlock
[02Aug2026 13:39:45.831] [modloading-worker-0/WARN] [mixin/]: Discarding @Unique public method useItemOn in copycats-neoforge.mixins.json:foundation.copycat.CopycatBlockMixin from mod copycats because it already exists in com.copycatsplus.copycats.content.copycat.pressure_plate.CopycatPressurePlateBlock
[02Aug2026 13:39:45.831] [modloading-worker-0/WARN] [mixin/]: Discarding @Unique public method useWithoutItem in copycats-neoforge.mixins.json:foundation.copycat.CopycatBlockMixin from mod copycats because it already exists in com.copycatsplus.copycats.content.copycat.pressure_plate.CopycatPressurePlateBlock
[02Aug2026 13:39:45.835] [modloading-worker-0/WARN] [mixin/]: Discarding @Unique public method rotate in copycats-neoforge.mixins.json:foundation.copycat.CopycatBlockMixin from mod copycats because it already exists in com.copycatsplus.copycats.content.copycat.pressure_plate.CopycatWeightedPressurePlate
[02Aug2026 13:39:45.835] [modloading-worker-0/WARN] [mixin/]: Discarding @Unique public method mirror in copycats-neoforge.mixins.json:foundation.copycat.CopycatBlockMixin from mod copycats because it already exists in com.copycatsplus.copycats.content.copycat.pressure_plate.CopycatWeightedPressurePlate
[02Aug2026 13:39:45.835] [modloading-worker-0/WARN] [mixin/]: Discarding @Unique public method useItemOn in copycats-neoforge.mixins.json:foundation.copycat.CopycatBlockMixin from mod copycats because it already exists in com.copycatsplus.copycats.content.copycat.pressure_plate.CopycatWeightedPressurePlate
[02Aug2026 13:39:45.835] [modloading-worker-0/WARN] [mixin/]: Discarding @Unique public method useWithoutItem in copycats-neoforge.mixins.json:foundation.copycat.CopycatBlockMixin from mod copycats because it already exists in com.copycatsplus.copycats.content.copycat.pressure_plate.CopycatWeightedPressurePlate
[02Aug2026 13:39:45.841] [modloading-worker-0/WARN] [mixin/]: Discarding @Unique public method rotate in copycats-neoforge.mixins.json:foundation.copycat.CopycatBlockMixin from mod copycats because it already exists in com.copycatsplus.copycats.content.copycat.stairs.CopycatStairsBlock
[02Aug2026 13:39:45.841] [modloading-worker-0/WARN] [mixin/]: Discarding @Unique public method mirror in copycats-neoforge.mixins.json:foundation.copycat.CopycatBlockMixin from mod copycats because it already exists in com.copycatsplus.copycats.content.copycat.stairs.CopycatStairsBlock
[02Aug2026 13:39:45.841] [modloading-worker-0/WARN] [mixin/]: Discarding @Unique public method useItemOn in copycats-neoforge.mixins.json:foundation.copycat.CopycatBlockMixin from mod copycats because it already exists in com.copycatsplus.copycats.content.copycat.stairs.CopycatStairsBlock
[02Aug2026 13:39:45.841] [modloading-worker-0/WARN] [mixin/]: Discarding @Unique public method useWithoutItem in copycats-neoforge.mixins.json:foundation.copycat.CopycatBlockMixin from mod copycats because it already exists in com.copycatsplus.copycats.content.copycat.stairs.CopycatStairsBlock
[02Aug2026 13:39:45.847] [modloading-worker-0/WARN] [mixin/]: Discarding @Unique public method rotate in copycats-neoforge.mixins.json:foundation.copycat.CopycatBlockMixin from mod copycats because it already exists in com.copycatsplus.copycats.content.copycat.trapdoor.CopycatTrapdoorBlock
[02Aug2026 13:39:45.848] [modloading-worker-0/WARN] [mixin/]: Discarding @Unique public method mirror in copycats-neoforge.mixins.json:foundation.copycat.CopycatBlockMixin from mod copycats because it already exists in com.copycatsplus.copycats.content.copycat.trapdoor.CopycatTrapdoorBlock
[02Aug2026 13:39:45.848] [modloading-worker-0/WARN] [mixin/]: Discarding @Unique public method useItemOn in copycats-neoforge.mixins.json:foundation.copycat.CopycatBlockMixin from mod copycats because it already exists in com.copycatsplus.copycats.content.copycat.trapdoor.CopycatTrapdoorBlock
[02Aug2026 13:39:45.848] [modloading-worker-0/WARN] [mixin/]: Discarding @Unique public method useWithoutItem in copycats-neoforge.mixins.json:foundation.copycat.CopycatBlockMixin from mod copycats because it already exists in com.copycatsplus.copycats.content.copycat.trapdoor.CopycatTrapdoorBlock
[02Aug2026 13:39:45.855] [modloading-worker-0/WARN] [mixin/]: Discarding @Unique public method rotate in copycats-neoforge.mixins.json:foundation.copycat.CopycatBlockMixin from mod copycats because it already exists in com.copycatsplus.copycats.content.copycat.wall.CopycatWallBlock
[02Aug2026 13:39:45.855] [modloading-worker-0/WARN] [mixin/]: Discarding @Unique public method mirror in copycats-neoforge.mixins.json:foundation.copycat.CopycatBlockMixin from mod copycats because it already exists in com.copycatsplus.copycats.content.copycat.wall.CopycatWallBlock
[02Aug2026 13:39:45.855] [modloading-worker-0/WARN] [mixin/]: Discarding @Unique public method useItemOn in copycats-neoforge.mixins.json:foundation.copycat.CopycatBlockMixin from mod copycats because it already exists in com.copycatsplus.copycats.content.copycat.wall.CopycatWallBlock
[02Aug2026 13:39:45.855] [modloading-worker-0/WARN] [mixin/]: Discarding @Unique public method useWithoutItem in copycats-neoforge.mixins.json:foundation.copycat.CopycatBlockMixin from mod copycats because it already exists in com.copycatsplus.copycats.content.copycat.wall.CopycatWallBlock
[02Aug2026 13:39:45.862] [modloading-worker-0/WARN] [mixin/]: Discarding @Unique public method rotate in copycats-neoforge.mixins.json:foundation.copycat.CopycatBlockMixin from mod copycats because it already exists in com.copycatsplus.copycats.content.copycat.shaft.CopycatShaftBlock
[02Aug2026 13:39:45.863] [modloading-worker-0/WARN] [mixin/]: Discarding @Unique public method mirror in copycats-neoforge.mixins.json:foundation.copycat.CopycatBlockMixin from mod copycats because it already exists in com.copycatsplus.copycats.content.copycat.shaft.CopycatShaftBlock
[02Aug2026 13:39:45.863] [modloading-worker-0/WARN] [mixin/]: Discarding @Unique public method useItemOn in copycats-neoforge.mixins.json:foundation.copycat.CopycatBlockMixin from mod copycats because it already exists in com.copycatsplus.copycats.content.copycat.shaft.CopycatShaftBlock
[02Aug2026 13:39:45.863] [modloading-worker-0/WARN] [mixin/]: Discarding @Unique public method useWithoutItem in copycats-neoforge.mixins.json:foundation.copycat.CopycatBlockMixin from mod copycats because it already exists in com.copycatsplus.copycats.content.copycat.shaft.CopycatShaftBlock
[02Aug2026 13:39:45.868] [modloading-worker-0/WARN] [mixin/]: Discarding @Unique public method rotate in copycats-neoforge.mixins.json:foundation.copycat.multistate.MultiStateCopycatBlockMixin from mod copycats because it already exists in com.copycatsplus.copycats.content.copycat.cogwheel.CopycatCogWheelBlock
[02Aug2026 13:39:45.868] [modloading-worker-0/INFO] [net.blay09.mods.balm.neoforge.config.NeoForgeBalmConfig/]: Registering config for waystones:common (COMMON) with 34 properties.
[02Aug2026 13:39:45.868] [modloading-worker-0/WARN] [mixin/]: Discarding @Unique public method mirror in copycats-neoforge.mixins.json:foundation.copycat.multistate.MultiStateCopycatBlockMixin from mod copycats because it already exists in com.copycatsplus.copycats.content.copycat.cogwheel.CopycatCogWheelBlock
[02Aug2026 13:39:45.868] [modloading-worker-0/WARN] [mixin/]: Discarding @Unique public method useItemOn in copycats-neoforge.mixins.json:foundation.copycat.multistate.MultiStateCopycatBlockMixin from mod copycats because it already exists in com.copycatsplus.copycats.content.copycat.cogwheel.CopycatCogWheelBlock
[02Aug2026 13:39:45.868] [modloading-worker-0/WARN] [mixin/]: Discarding @Unique public method useWithoutItem in copycats-neoforge.mixins.json:foundation.copycat.multistate.MultiStateCopycatBlockMixin from mod copycats because it already exists in com.copycatsplus.copycats.content.copycat.cogwheel.CopycatCogWheelBlock
[02Aug2026 13:39:45.877] [modloading-worker-0/INFO] [Moonlight/]: Sending changed configs to client
[02Aug2026 13:39:45.877] [modloading-worker-0/WARN] [mixin/]: Discarding @Unique public method rotate in copycats-neoforge.mixins.json:foundation.copycat.CopycatBlockMixin from mod copycats because it already exists in com.copycatsplus.copycats.content.copycat.fluid_pipe.CopycatFluidPipeBlock
[02Aug2026 13:39:45.877] [modloading-worker-0/WARN] [mixin/]: Discarding @Unique public method mirror in copycats-neoforge.mixins.json:foundation.copycat.CopycatBlockMixin from mod copycats because it already exists in com.copycatsplus.copycats.content.copycat.fluid_pipe.CopycatFluidPipeBlock
[02Aug2026 13:39:45.877] [modloading-worker-0/WARN] [mixin/]: Discarding @Unique public method useItemOn in copycats-neoforge.mixins.json:foundation.copycat.CopycatBlockMixin from mod copycats because it already exists in com.copycatsplus.copycats.content.copycat.fluid_pipe.CopycatFluidPipeBlock
[02Aug2026 13:39:45.877] [modloading-worker-0/WARN] [mixin/]: Discarding @Unique public method useWithoutItem in copycats-neoforge.mixins.json:foundation.copycat.CopycatBlockMixin from mod copycats because it already exists in com.copycatsplus.copycats.content.copycat.fluid_pipe.CopycatFluidPipeBlock
[02Aug2026 13:39:45.883] [modloading-worker-0/WARN] [mixin/]: Discarding @Unique public method rotate in copycats-neoforge.mixins.json:foundation.copycat.CopycatBlockMixin from mod copycats because it already exists in com.copycatsplus.copycats.content.copycat.pane.CopycatPaneBlock
[02Aug2026 13:39:45.884] [modloading-worker-0/WARN] [mixin/]: Discarding @Unique public method mirror in copycats-neoforge.mixins.json:foundation.copycat.CopycatBlockMixin from mod copycats because it already exists in com.copycatsplus.copycats.content.copycat.pane.CopycatPaneBlock
[02Aug2026 13:39:45.884] [modloading-worker-0/WARN] [mixin/]: Discarding @Unique public method useItemOn in copycats-neoforge.mixins.json:foundation.copycat.CopycatBlockMixin from mod copycats because it already exists in com.copycatsplus.copycats.content.copycat.pane.CopycatPaneBlock
[02Aug2026 13:39:45.884] [modloading-worker-0/WARN] [mixin/]: Discarding @Unique public method useWithoutItem in copycats-neoforge.mixins.json:foundation.copycat.CopycatBlockMixin from mod copycats because it already exists in com.copycatsplus.copycats.content.copycat.pane.CopycatPaneBlock
[02Aug2026 13:39:45.891] [modloading-worker-0/WARN] [mixin/]: Discarding @Unique public method onLoad in copycats-neoforge.mixins.json:foundation.copycat.CopycatBlockEntityMixin from mod copycats because it already exists in com.copycatsplus.copycats.foundation.copycat.CCCopycatBlockEntity
[02Aug2026 13:39:45.894] [modloading-worker-0/WARN] [mixin/]: Discarding @Unique public method onLoad in copycats-neoforge.mixins.json:foundation.copycat.multistate.MultiStateCopycatBlockEntityMixin from mod copycats because it already exists in com.copycatsplus.copycats.foundation.copycat.multistate.MultiStateCopycatBlockEntity
[02Aug2026 13:39:45.898] [modloading-worker-0/WARN] [mixin/]: Discarding @Unique public method onLoad in copycats-neoforge.mixins.json:foundation.copycat.CopycatBlockEntityMixin from mod copycats because it already exists in com.copycatsplus.copycats.content.copycat.shaft.CopycatShaftBlockEntity
[02Aug2026 13:39:45.900] [modloading-worker-0/WARN] [mixin/]: Discarding @Unique public method onLoad in copycats-neoforge.mixins.json:foundation.copycat.multistate.MultiStateCopycatBlockEntityMixin from mod copycats because it already exists in com.copycatsplus.copycats.content.copycat.cogwheel.CopycatCogWheelBlockEntity
[02Aug2026 13:39:45.901] [modloading-worker-0/WARN] [mixin/]: Discarding @Unique public method onLoad in copycats-neoforge.mixins.json:foundation.copycat.CopycatBlockEntityMixin from mod copycats because it already exists in com.copycatsplus.copycats.content.copycat.fluid_pipe.CopycatFluidPipeBlockEntity
[02Aug2026 13:39:45.909] [modloading-worker-0/WARN] [mixin/]: Discarding @Unique public method onLoad in copycats-neoforge.mixins.json:foundation.copycat.CopycatBlockEntityMixin from mod copycats because it already exists in com.copycatsplus.copycats.content.copycat.fluid_pipe.CopycatStraightPipeBlockEntity
[02Aug2026 13:39:45.910] [modloading-worker-0/WARN] [mixin/]: Discarding @Unique public method onLoad in copycats-neoforge.mixins.json:foundation.copycat.CopycatBlockEntityMixin from mod copycats because it already exists in com.copycatsplus.copycats.content.copycat.sliding_door.CopycatSlidingDoorBlockEntity
[02Aug2026 13:39:45.921] [modloading-worker-0/INFO] [Puzzles Lib/]: Constructing components for diagonalfences:common
[02Aug2026 13:39:45.923] [modloading-worker-0/INFO] [Immersive Thunder/]: ImmersiveThunder loaded
[02Aug2026 13:39:45.925] [modloading-worker-0/INFO] [Puzzles Lib/]: Constructing components for universalenchants:common
[02Aug2026 13:39:45.925] [modloading-worker-0/ERROR] [mts/]: MTSERROR: Welcome to MTS VERSION: 24.0.0
[02Aug2026 13:39:45.931] [modloading-worker-0/INFO] [coroutil/]: neo forge loader environment detected
[02Aug2026 13:39:45.931] [modloading-worker-0/INFO] [Puzzles Lib/]: Constructing components for bettertridents:common
[02Aug2026 13:39:45.933] [modloading-worker-0/INFO] [Puzzles Lib/]: Dispatching loading event for config bettertridents-common.toml
[02Aug2026 13:39:45.937] [modloading-worker-0/INFO] [YetAnotherConfigLib/]: Deserializing YACLConfig from '/home/container/config/yacl.json5'
[02Aug2026 13:39:46.152] [modloading-worker-0/INFO] [me.corvino.aeronauticsdiscovery.CreateAeronauticsDiscovery/]: Loading task scheduler...
[02Aug2026 13:39:46.154] [modloading-worker-0/INFO] [dev.ryanhcode.sable.Sable/]: Sable loaded!
[02Aug2026 13:39:46.161] [modloading-worker-0/INFO] [com.sshakusora.waystonessable.WaystonesSable/]: Registered Create attached-block check for Waystone upper/lower halves; Create Aeronautics block discovery can now keep both halves in one Sable SubLevel.
[02Aug2026 13:39:46.177] [modloading-worker-0/INFO] [com.maxenonyme.AbyssDimension.CreateAbyss/]: Create Abyss is in development, content disabled in production
[02Aug2026 13:39:46.240] [modloading-worker-0/ERROR] [mts/]: MTSERROR: Could not do model-based legacy compats on mtsofficialpack:engineamci4.  Lights and treads will likely not be present on this model.
[02Aug2026 13:39:46.240] [modloading-worker-0/ERROR] [mts/]: MTSERROR: For input string: "roller2"
[02Aug2026 13:39:46.674] [modloading-worker-0/ERROR] [mts/]: MTSERROR: Was told to parse part oamp:exterior_luggage with part type luggage_rack, but that's not a valid type for creating a part.
[02Aug2026 13:39:46.675] [modloading-worker-0/ERROR] [mts/]: MTSERROR: Could not do model-based legacy compats on oamp:enginevwbus.  Lights and treads will likely not be present on this model.
[02Aug2026 13:39:46.675] [modloading-worker-0/ERROR] [mts/]: MTSERROR: For input string: "roller2"
[02Aug2026 13:39:46.685] [modloading-worker-0/ERROR] [mts/]: MTSERROR: Could not do model-based legacy compats on oamp:engineecoline.  Lights and treads will likely not be present on this model.
[02Aug2026 13:39:46.685] [modloading-worker-0/ERROR] [mts/]: MTSERROR: For input string: "roller2"
[02Aug2026 13:39:46.689] [modloading-worker-0/ERROR] [mts/]: MTSERROR: Could not do model-based legacy compats on oamp:engineikarus.  Lights and treads will likely not be present on this model.
[02Aug2026 13:39:46.689] [modloading-worker-0/ERROR] [mts/]: MTSERROR: Attempted to parse the OBJ model at: /assets/oamp/objmodels/parts/engineikarus.obj but could not find it.  Check the path and try again.
[02Aug2026 13:39:46.714] [modloading-worker-0/ERROR] [mts/]: MTSERROR: Object body_selection found with no faces defined at line: 9505 in: /assets/oamp/objmodels/vehicles/escargot.obj
[02Aug2026 13:39:46.930] [modloading-sync-worker/ERROR] [net.neoforged.fml.common.asm.RuntimeDistCleaner/DISTXFORM]: Attempted to load class net/minecraft/client/gui/screens/Screen for invalid dist DEDICATED_SERVER
[02Aug2026 13:39:47.024] [modloading-sync-worker/INFO] [Diagonal Blocks/]: Constructing shapes for DiagonalGlassPaneBlock[NodeWidth=1.0,ExtensionWidth=1.0,NodeTop=16.0,ExtensionBottom=0.0,ExtensionTop=16.0] took 50ms
[02Aug2026 13:39:47.044] [modloading-sync-worker/INFO] [Diagonal Blocks/]: Constructing shapes for DiagonalWallBlock[NodeWidth=0.0,ExtensionWidth=3.0,NodeTop=24.0,ExtensionBottom=0.0,ExtensionTop=24.0] took 17ms
[02Aug2026 13:39:47.072] [modloading-sync-worker/INFO] [Diagonal Blocks/]: Constructing shapes for DiagonalWallBlock[NodeWidth=0.0,ExtensionWidth=3.0,NodeTop=0.0,ExtensionBottom=0.0,ExtensionTop=14.0] took 27ms
[02Aug2026 13:39:47.099] [modloading-sync-worker/INFO] [Diagonal Blocks/]: Constructing shapes for DiagonalWallBlock[NodeWidth=4.0,ExtensionWidth=3.0,NodeTop=16.0,ExtensionBottom=0.0,ExtensionTop=14.0] took 25ms
[02Aug2026 13:39:47.107] [modloading-sync-worker/INFO] [Diagonal Blocks/]: Constructing shapes for DiagonalWallBlock[NodeWidth=4.0,ExtensionWidth=3.0,NodeTop=24.0,ExtensionBottom=0.0,ExtensionTop=24.0] took 8ms
[02Aug2026 13:39:47.121] [modloading-sync-worker/INFO] [Diagonal Blocks/]: Constructing shapes for DiagonalFenceBlock[NodeWidth=2.0,ExtensionWidth=2.0,NodeTop=24.0,ExtensionBottom=0.0,ExtensionTop=24.0] took 6ms
[02Aug2026 13:39:47.131] [modloading-sync-worker/INFO] [Diagonal Blocks/]: Constructing shapes for DiagonalFenceBlock[NodeWidth=2.0,ExtensionWidth=2.0,NodeTop=16.0,ExtensionBottom=0.0,ExtensionTop=16.0] took 9ms
[02Aug2026 13:39:47.154] [modloading-sync-worker/INFO] [Diagonal Blocks/]: Constructing shapes for DiagonalFenceBlock[NodeWidth=2.0,ExtensionWidth=1.0,NodeTop=16.0,ExtensionBottom=6.0,ExtensionTop=15.0] took 21ms
[02Aug2026 13:39:49.146] [modloading-sync-worker/INFO] [igobyjake.rosegoldequipment.RoseGoldEquipment/]: Pink Diamonds N  false
[02Aug2026 13:39:49.305] [modloading-sync-worker/WARN] [Moonlight/]: Failed to find child for WoodType: luminous_nether:mushroom - stick. Ignored! ERROR: No value present
[02Aug2026 13:39:49.329] [modloading-sync-worker/INFO] [Moonlight/]: Initialized block sets in 24ms
[02Aug2026 13:39:50.158] [modloading-sync-worker/INFO] [Moonlight/]: Sending changed configs to client
[02Aug2026 13:39:50.209] [modloading-sync-worker/INFO] [Moonlight/]: Sending changed configs to client
[02Aug2026 13:39:50.216] [modloading-worker-0/INFO] [igobyjake.rosegoldequipment.RoseGoldEquipment/]: Rose Gilding Your Game
[02Aug2026 13:39:50.218] [NeoForge Version Check/INFO] [net.neoforged.fml.VersionChecker/]: Global NeoForge version check system disabled, no further processing.
[02Aug2026 13:39:50.224] [modloading-worker-0/INFO] [voicechat/]: [voicechat] Compatibility version 20
[02Aug2026 13:39:50.231] [modloading-worker-0/INFO] [net.vyn.whistlemount.WhistleMod/]: WhistleMod common setup complete
[02Aug2026 13:39:50.240] [modloading-worker-0/INFO] [com.betterchunkloading.BetterChunkLoading/]: betterchunkloading mod initialized
[02Aug2026 13:39:50.244] [modloading-worker-0/INFO] [Hybrid Aquatic/]: Loading Hybrid Aquatic config file
[02Aug2026 13:39:50.249] [modloading-worker-0/INFO] [voicechat/]: [voicechat] Loading plugins
[02Aug2026 13:39:50.269] [modloading-worker-0/INFO] [voicechat/]: [voicechat] Loaded 1 plugin(s)
[02Aug2026 13:39:50.270] [modloading-worker-0/INFO] [voicechat/]: [voicechat] Initializing plugins
[02Aug2026 13:39:50.273] [modloading-worker-0/INFO] [voicechat/]: [voicechat] Initialized 1 plugin(s)
[02Aug2026 13:39:50.273] [modloading-worker-0/INFO] [voicechat/]: [voicechat] Registering events for 'voicechatrecording'
[02Aug2026 13:39:50.363] [modloading-worker-0/INFO] [fzzy_config/]: Loaded config immersive_paintings:common_config in 112ms
[02Aug2026 13:39:50.382] [modloading-worker-0/INFO] [fzzy_config/]: Loaded config immersive_paintings:client_config in 13ms
[02Aug2026 13:39:50.395] [modloading-sync-worker/INFO] [ribbits/]: Registering Ribbit umbrella types...
[02Aug2026 13:39:50.395] [modloading-sync-worker/INFO] [ribbits/]: Registering Ribbit professions...
[02Aug2026 13:39:50.395] [modloading-sync-worker/INFO] [ribbits/]: Registering Ribbit instruments...
[02Aug2026 13:39:50.398] [modloading-sync-worker/INFO] [terrablender/]: Registered region minecraft:overworld to index 0 for type OVERWORLD
[02Aug2026 13:39:50.398] [modloading-sync-worker/INFO] [terrablender/]: Registered region minecraft:nether to index 0 for type NETHER
[02Aug2026 13:39:50.398] [modloading-sync-worker/INFO] [terrablender/]: Registered region infernalexp:nether to index 1 for type NETHER
[02Aug2026 13:39:50.413] [modloading-sync-worker/INFO] [Supplementaries/]: Finished mod setup in: [7, 0, 3, 0, 0, 0] ms
[02Aug2026 13:39:50.415] [modloading-sync-worker/WARN] [com.mk2525.vsfluidlink.VsFluidLinkMod/]: Create BlockStressValues class not found
[02Aug2026 13:39:50.541] [modloading-sync-worker/INFO] [Framework/SYNCED_ENTITY_DATA]: Registered synced data key scguns:aiming for minecraft:player
[02Aug2026 13:39:50.541] [modloading-sync-worker/INFO] [Framework/SYNCED_ENTITY_DATA]: Registered synced data key scguns:reloading for minecraft:player
[02Aug2026 13:39:50.541] [modloading-sync-worker/INFO] [Framework/SYNCED_ENTITY_DATA]: Registered synced data key scguns:shooting for minecraft:player
[02Aug2026 13:39:50.541] [modloading-sync-worker/INFO] [Framework/SYNCED_ENTITY_DATA]: Registered synced data key scguns:burstcount for minecraft:player
[02Aug2026 13:39:50.541] [modloading-sync-worker/INFO] [Framework/SYNCED_ENTITY_DATA]: Registered synced data key scguns:onburstcooldown for minecraft:player
[02Aug2026 13:39:50.541] [modloading-sync-worker/INFO] [Framework/SYNCED_ENTITY_DATA]: Registered synced data key scguns:melee for minecraft:player
[02Aug2026 13:39:50.609] [modloading-sync-worker/INFO] [Moonlight/]: Initialized color sets in 58ms
[02Aug2026 13:39:50.610] [modloading-sync-worker/ERROR] [Moonlight/]: Fabric API detected! This is not a Fabric mod, so please don't report related issues to MoonlightLib or its dependent(s). This can usually happen when using Connector, or when using a mod that does NOT have a native Neoforge implementation. This can easily lead to poor compatibility and other bizarre issues. Proceed at your own risk. 
 Mods that bundle Fabric API: [forgified-fabric-api-0.116.14+2.3.0+1.21.1.jar]
[02Aug2026 13:39:50.612] [modloading-worker-0/INFO] [Hybrid Aquatic/]: Server starting...
[02Aug2026 13:39:50.716] [modloading-worker-0/INFO] [com.mrh0.createaddition.CreateAddition/]: Create Crafts & Additions Initialized!
[02Aug2026 13:39:50.743] [modloading-worker-0/INFO] [snownee.jade.Jade/]: Start loading plugin from net.blay09.mods.balm.neoforge.compat.hudinfo.NeoForgeJadeModCompat
[02Aug2026 13:39:50.746] [modloading-worker-0/INFO] [snownee.jade.Jade/]: Start loading plugin from net.mehvahdjukaar.supplementaries.integration.JadeCompat
[02Aug2026 13:39:50.747] [modloading-worker-0/INFO] [snownee.jade.Jade/]: Start loading plugin from de.maxhenkel.gravestone.integration.waila.PluginGraveStone
[02Aug2026 13:39:50.748] [modloading-worker-0/INFO] [snownee.jade.Jade/]: Start loading plugin from noobanidus.mods.lootr.common.integration.jade.LootrWailaPlugin
[02Aug2026 13:39:50.748] [modloading-worker-0/INFO] [snownee.jade.Jade/]: Start loading plugin from com.aetherteam.aether.integration.jade.AetherJadePlugin
[02Aug2026 13:39:50.748] [modloading-worker-0/INFO] [snownee.jade.Jade/]: Start loading plugin from Jade.CatMoodServer
[02Aug2026 13:39:50.749] [modloading-worker-0/INFO] [snownee.jade.Jade/]: Start loading plugin from Jade.CatMoodClient
[02Aug2026 13:39:50.749] [modloading-worker-0/INFO] [snownee.jade.Jade/]: Start loading plugin from net.blay09.mods.waystones.compat.JadeIntegration
[02Aug2026 13:39:50.749] [modloading-worker-0/INFO] [snownee.jade.Jade/]: Start loading plugin from mcinterface1211.InterfaceJade
[02Aug2026 13:39:50.749] [modloading-worker-0/INFO] [snownee.jade.Jade/]: Start loading plugin from snownee.jade.addon.vanilla.VanillaPlugin
[02Aug2026 13:39:50.755] [modloading-worker-0/INFO] [snownee.jade.Jade/]: Start loading plugin from snownee.jade.addon.universal.UniversalPlugin
[02Aug2026 13:39:50.757] [modloading-worker-0/INFO] [snownee.jade.Jade/]: Start loading plugin from snownee.jade.addon.debug.DebugPlugin
[02Aug2026 13:39:50.757] [modloading-worker-0/INFO] [snownee.jade.Jade/]: Start loading plugin from snownee.jade.addon.core.CorePlugin
[02Aug2026 13:39:50.757] [modloading-worker-0/INFO] [snownee.jade.Jade/]: Start loading plugin from snownee.jade.addon.access.AccessibilityPlugin
[02Aug2026 13:39:50.782] [modloading-sync-worker/INFO] [Kambrik/]: Registering network payloads..
[02Aug2026 13:39:50.782] [modloading-sync-worker/INFO] [Kambrik/]: Registering ServerMsg: bountiful:select_bounty
[02Aug2026 13:39:50.782] [modloading-sync-worker/INFO] [Kambrik/]: Registering ServerMsg: bountiful:server_player_status
[02Aug2026 13:39:50.782] [modloading-sync-worker/INFO] [Kambrik/]: Registering ClientMsg: kambrik:test_msg
[02Aug2026 13:39:50.782] [modloading-sync-worker/INFO] [Kambrik/]: Registering ClientMsg: bountiful:clipboard_copy
[02Aug2026 13:39:50.782] [modloading-sync-worker/INFO] [Kambrik/]: Registering ClientMsg: bountiful:bounty_complete
[02Aug2026 13:39:50.782] [modloading-sync-worker/INFO] [Kambrik/]: Registering ClientMsg: bountiful:update_bounty_criteria
[02Aug2026 13:39:50.782] [modloading-sync-worker/INFO] [Kambrik/]: Registering ClientMsg: bountiful:client_player_status
[02Aug2026 13:39:50.941] [main/INFO] [com.mojang.authlib.yggdrasil.YggdrasilAuthenticationService/]: Environment: Environment[sessionHost=https://sessionserver.mojang.com, servicesHost=https://api.minecraftservices.com, name=PROD]
[02Aug2026 13:39:50.963] [main/INFO] [rechiseled/]: 1 chiseling plugins were registered: [rechiseled:datapacks]
[02Aug2026 13:39:51.027] [main/ERROR] [net.minecraft.server.packs.AbstractPackResources/]: Couldn't load fabric:overlays metadata
com.google.gson.JsonParseException: Unknown resource condition key: tectonic:config; Unknown resource condition key: tectonic:config; Unknown resource condition key: tectonic:config
	at MC-BOOTSTRAP/datafixerupper@8.0.16/com.mojang.serialization.DataResult$Error.getOrThrow(DataResult.java:287) ~[datafixerupper-8.0.16.jar%23100!/:?]
	at TRANSFORMER/minecraft@1.21.1/net.minecraft.server.packs.metadata.MetadataSectionType$1.fromJson(MetadataSectionType.java:20) ~[server-1.21.1-20240808.144430-srg.jar%23307!/:?]
	at TRANSFORMER/minecraft@1.21.1/net.minecraft.server.packs.AbstractPackResources.getMetadataFromStream(AbstractPackResources.java:54) ~[server-1.21.1-20240808.144430-srg.jar%23307!/:?]
	at TRANSFORMER/minecraft@1.21.1/net.minecraft.server.packs.AbstractPackResources.getMetadataSection(AbstractPackResources.java:33) ~[server-1.21.1-20240808.144430-srg.jar%23307!/:?]
	at TRANSFORMER/minecraft@1.21.1/net.minecraft.server.packs.repository.Pack.localvar$bhh000$fabric_resource_conditions_api_v1$applyOverlayConditions(Pack.java:536) ~[server-1.21.1-20240808.144430-srg.jar%23307!/:?]
	at TRANSFORMER/minecraft@1.21.1/net.minecraft.server.packs.repository.Pack.readPackMetadata(Pack.java:95) ~[server-1.21.1-20240808.144430-srg.jar%23307!/:?]
	at TRANSFORMER/minecraft@1.21.1/net.minecraft.server.packs.repository.Pack.readMetaAndCreate(Pack.java:40) ~[server-1.21.1-20240808.144430-srg.jar%23307!/:?]
	at TRANSFORMER/tectonic@3.0.26/dev.worldgen.tectonic.platform.neoforge.TectonicNeoforge.registerEnabledPacks(TectonicNeoforge.java:37) ~[tectonic-3.0.26-neoforge-21.1.jar%23469!/:?]
	at MC-BOOTSTRAP/net.neoforged.bus/net.neoforged.bus.ConsumerEventHandler.invoke(ConsumerEventHandler.java:27) ~[bus-8.0.5.jar%2362!/:?]
	at MC-BOOTSTRAP/net.neoforged.bus/net.neoforged.bus.EventBus.post(EventBus.java:360) ~[bus-8.0.5.jar%2362!/:?]
	at MC-BOOTSTRAP/net.neoforged.bus/net.neoforged.bus.EventBus.post(EventBus.java:342) ~[bus-8.0.5.jar%2362!/:?]
	at MC-BOOTSTRAP/fml_loader@4.0.43/net.neoforged.fml.ModContainer.acceptEvent(ModContainer.java:177) ~[loader-4.0.43.jar%2359!/:4.0]
	at MC-BOOTSTRAP/fml_loader@4.0.43/net.neoforged.fml.ModLoader.lambda$postEvent$13(ModLoader.java:358) ~[loader-4.0.43.jar%2359!/:4.0]
	at java.base/java.lang.Iterable.forEach(Iterable.java:75) ~[?:?]
	at MC-BOOTSTRAP/fml_loader@4.0.43/net.neoforged.fml.ModList.forEachModInOrder(ModList.java:174) ~[loader-4.0.43.jar%2359!/:4.0]
	at MC-BOOTSTRAP/fml_loader@4.0.43/net.neoforged.fml.ModLoader.postEvent(ModLoader.java:358) ~[loader-4.0.43.jar%2359!/:4.0]
	at TRANSFORMER/neoforge@21.1.248/net.neoforged.neoforge.resource.ResourcePackLoader.populatePackRepository(ResourcePackLoader.java:74) ~[neoforge-21.1.248-universal.jar%23308!/:?]
	at TRANSFORMER/minecraft@1.21.1/net.minecraft.server.packs.repository.ServerPacksSource.createPackRepository(ServerPacksSource.java:76) ~[server-1.21.1-20240808.144430-srg.jar%23307!/:?]
	at TRANSFORMER/minecraft@1.21.1/net.minecraft.server.packs.repository.ServerPacksSource.createPackRepository(ServerPacksSource.java:87) ~[server-1.21.1-20240808.144430-srg.jar%23307!/:?]
	at TRANSFORMER/minecraft@1.21.1/net.minecraft.server.Main.main(Main.java:190) ~[server-1.21.1-20240808.144430-srg.jar%23307!/:?]
	at java.base/jdk.internal.reflect.DirectMethodHandleAccessor.invoke(DirectMethodHandleAccessor.java:103) ~[?:?]
	at java.base/java.lang.reflect.Method.invoke(Method.java:580) ~[?:?]
	at MC-BOOTSTRAP/fml_loader@4.0.43/net.neoforged.fml.loading.targets.CommonLaunchHandler.runTarget(CommonLaunchHandler.java:136) ~[loader-4.0.43.jar%2359!/:4.0]
	at MC-BOOTSTRAP/fml_loader@4.0.43/net.neoforged.fml.loading.targets.CommonLaunchHandler.serverService(CommonLaunchHandler.java:128) ~[loader-4.0.43.jar%2359!/:4.0]
	at MC-BOOTSTRAP/fml_loader@4.0.43/net.neoforged.fml.loading.targets.CommonServerLaunchHandler.runService(CommonServerLaunchHandler.java:32) ~[loader-4.0.43.jar%2359!/:4.0]
	at MC-BOOTSTRAP/fml_loader@4.0.43/net.neoforged.fml.loading.targets.CommonLaunchHandler.lambda$launchService$4(CommonLaunchHandler.java:118) ~[loader-4.0.43.jar%2359!/:4.0]
	at MC-BOOTSTRAP/cpw.mods.modlauncher@11.0.5/cpw.mods.modlauncher.LaunchServiceHandlerDecorator.launch(LaunchServiceHandlerDecorator.java:30) [modlauncher-11.0.5.jar%2364!/:?]
	at MC-BOOTSTRAP/cpw.mods.modlauncher@11.0.5/cpw.mods.modlauncher.LaunchServiceHandler.launch(LaunchServiceHandler.java:53) [modlauncher-11.0.5.jar%2364!/:?]
	at MC-BOOTSTRAP/cpw.mods.modlauncher@11.0.5/cpw.mods.modlauncher.LaunchServiceHandler.launch(LaunchServiceHandler.java:71) [modlauncher-11.0.5.jar%2364!/:?]
	at MC-BOOTSTRAP/cpw.mods.modlauncher@11.0.5/cpw.mods.modlauncher.Launcher.run(Launcher.java:103) [modlauncher-11.0.5.jar%2364!/:?]
	at MC-BOOTSTRAP/cpw.mods.modlauncher@11.0.5/cpw.mods.modlauncher.Launcher.main(Launcher.java:74) [modlauncher-11.0.5.jar%2364!/:?]
	at MC-BOOTSTRAP/cpw.mods.modlauncher@11.0.5/cpw.mods.modlauncher.BootstrapLaunchConsumer.accept(BootstrapLaunchConsumer.java:26) [modlauncher-11.0.5.jar%2364!/:?]
	at MC-BOOTSTRAP/cpw.mods.modlauncher@11.0.5/cpw.mods.modlauncher.BootstrapLaunchConsumer.accept(BootstrapLaunchConsumer.java:23) [modlauncher-11.0.5.jar%2364!/:?]
	at cpw.mods.bootstraplauncher@2.0.2/cpw.mods.bootstraplauncher.BootstrapLauncher.run(BootstrapLauncher.java:210) [bootstraplauncher-2.0.2.jar:?]
	at cpw.mods.bootstraplauncher@2.0.2/cpw.mods.bootstraplauncher.BootstrapLauncher.main(BootstrapLauncher.java:69) [bootstraplauncher-2.0.2.jar:?]
[02Aug2026 13:39:51.270] [main/INFO] [com.simibubi.create.Create/]: Created 646 recipes which will be injected into the game
[02Aug2026 13:39:51.275] [main/INFO] [com.simibubi.create.Create/]: Created 7 tags which will be injected into the game
[02Aug2026 13:39:51.314] [main/INFO] [net.minecraft.server.MinecraftServer/]: Found new data pack mutantmonsters:biome_modifications, loading it automatically
[02Aug2026 13:39:51.315] [main/INFO] [net.minecraft.server.MinecraftServer/]: Found new data pack builtin/aether_accessories, loading it automatically
[02Aug2026 13:39:51.315] [main/INFO] [net.minecraft.server.MinecraftServer/]: Found new data pack bettertridents:boosted_impaling, loading it automatically
[02Aug2026 13:39:51.477] [main/INFO] [Puzzles Lib/]: Data generation for dynamic pack resources provided by 'mutantmonsters' took 157ms
[02Aug2026 13:39:51.532] [main/INFO] [Puzzles Lib/]: Data generation for dynamic pack resources provided by 'bettertridents' took 53ms
[02Aug2026 13:39:51.568] [main/INFO] [com.teamabnormals.blueprint.core.Blueprint/]: Successfully loaded 6 data remolders!
[02Aug2026 13:39:51.573] [main/INFO] [Moonlight/]: Resource cache state for SERVER_DATA: up to date
[02Aug2026 13:39:51.575] [main/INFO] [Moonlight/]: Populated search tree for pack at /home/container/dynamic-data-pack-cache/supplementaries-generated_pack in 1.154 ms
[02Aug2026 13:39:51.575] [main/INFO] [Moonlight/]: Starting runtime resource generation for pack type SERVER_DATA with generators [supplementaries:generated_pack]
[02Aug2026 13:39:51.581] [main/INFO] [Moonlight/]: Skipping regeneration for Dynamic SERVER_DATA Resources Provider [supplementaries:generated_pack] (cache up-to-date)
[02Aug2026 13:39:51.581] [main/INFO] [Moonlight/]: Finished runtime resources generation for 1 packs in a total of 5.624 ms 
[02Aug2026 13:39:52.237] [Worker-Main-1/INFO] [Infernal Expansion/]: [InfernalExpansion] Applying configured data: minecraft:loot_table/entities/magma_cube.json
[02Aug2026 13:39:52.460] [Worker-Main-1/ERROR] [net.minecraft.world.level.storage.loot.LootDataType/]: Couldn't parse element ResourceKey[minecraft:root / minecraft:loot_table]:unusualfishmod:entities/blizzardfin - Failed to parse either. First: Unknown registry key in ResourceKey[minecraft:root / minecraft:loot_function_type]: minecraft:looting_enchant; Second: Not a json array: {"function":"minecraft:looting_enchant","count":{"min":1,"max":2}}
[02Aug2026 13:39:52.467] [Worker-Main-1/ERROR] [net.minecraft.world.level.storage.loot.LootDataType/]: Couldn't parse element ResourceKey[minecraft:root / minecraft:loot_table]:scguns:entities/blunderer - Failed to parse either. First: Unknown registry key in ResourceKey[minecraft:root / minecraft:loot_function_type]: minecraft:looting_enchant; Second: Not a json array: {"count":{"type":"minecraft:uniform","max":1,"min":0},"function":"minecraft:looting_enchant"}
[02Aug2026 13:39:52.497] [Worker-Main-1/ERROR] [net.minecraft.world.level.storage.loot.LootDataType/]: Couldn't parse element ResourceKey[minecraft:root / minecraft:loot_table]:unusualfishmod:entities/trumpet_squid - Failed to parse either. First: Unknown registry key in ResourceKey[minecraft:root / minecraft:loot_function_type]: minecraft:looting_enchant; Second: Not a json array: {"function":"minecraft:looting_enchant","count":{"min":0,"max":2}}
[02Aug2026 13:39:52.547] [Worker-Main-1/INFO] [netherite_horse_armor/]: Successfully modified loot table: 'minecraft:chests/bastion_treasure'
[02Aug2026 13:39:52.583] [Worker-Main-1/ERROR] [net.minecraft.world.level.storage.loot.LootDataType/]: Couldn't parse element ResourceKey[minecraft:root / minecraft:loot_table]:unusualfishmod:entities/crimsonshell - Failed to parse either. First: Unknown registry key in ResourceKey[minecraft:root / minecraft:loot_function_type]: minecraft:looting_enchant; Second: Not a json array: {"function":"minecraft:looting_enchant","count":{"min":0,"max":2}}
[02Aug2026 13:39:52.605] [Worker-Main-1/ERROR] [net.minecraft.world.level.storage.loot.LootDataType/]: Couldn't parse element ResourceKey[minecraft:root / minecraft:loot_table]:unusualfishmod:entities/shockcat - Failed to parse either. First: Unknown registry key in ResourceKey[minecraft:root / minecraft:loot_function_type]: minecraft:looting_enchant; Second: Not a json array: {"function":"minecraft:looting_enchant","count":{"min":0,"max":1}}; Failed to parse either. First: Unknown registry key in ResourceKey[minecraft:root / minecraft:loot_function_type]: minecraft:looting_enchant; Second: Not a json array: {"function":"minecraft:looting_enchant","count":{"min":1,"max":2}}
[02Aug2026 13:39:52.636] [Worker-Main-1/ERROR] [net.minecraft.world.level.storage.loot.LootDataType/]: Couldn't parse element ResourceKey[minecraft:root / minecraft:loot_table]:revervox_mod:entities/thingy - Failed to parse either. First: Unknown registry key in ResourceKey[minecraft:root / minecraft:loot_function_type]: minecraft:looting_enchant; Second: Not a json array: {"count":{"type":"minecraft:uniform","max":1,"min":0},"function":"minecraft:looting_enchant"}; Failed to parse either. First: Unknown registry key in ResourceKey[minecraft:root / minecraft:loot_function_type]: minecraft:looting_enchant; Second: Not a json array: {"count":{"type":"minecraft:uniform","max":1,"min":0},"function":"minecraft:looting_enchant"}
[02Aug2026 13:39:52.643] [Worker-Main-1/ERROR] [net.minecraft.world.level.storage.loot.LootDataType/]: Couldn't parse element ResourceKey[minecraft:root / minecraft:loot_table]:unusualfishmod:entities/porcupine_lobsta - Failed to parse either. First: Unknown registry key in ResourceKey[minecraft:root / minecraft:loot_function_type]: minecraft:looting_enchant; Second: Not a json array: {"function":"minecraft:looting_enchant","count":{"min":0,"max":1}}
[02Aug2026 13:39:52.667] [Worker-Main-1/ERROR] [net.minecraft.world.level.storage.loot.LootDataType/]: Couldn't parse element ResourceKey[minecraft:root / minecraft:loot_table]:unusualfishmod:entities/prawn - Failed to parse either. First: Unknown registry key in ResourceKey[minecraft:root / minecraft:loot_function_type]: minecraft:looting_enchant; Second: Not a json array: {"function":"minecraft:looting_enchant","count":1,"conditions":[{"condition":"minecraft:random_chance","chance":0.5}]}
[02Aug2026 13:39:52.945] [Worker-Main-1/INFO] [bountiful/]: Adding serverside commands..
[02Aug2026 13:39:53.015] [Worker-Main-1/INFO] [com.github.alexthe666.alexsmobs.AlexsMobs/]: Adding datapack listener capsid_recipes
[02Aug2026 13:39:53.104] [main/INFO] [bountiful/]: Merging _all_objs with _all_objs
[02Aug2026 13:39:53.131] [main/INFO] [bountiful/]: Merging _all_rews with _all_rews
[02Aug2026 13:39:53.137] [main/INFO] [bountiful/]: Merging _metal_objs with _metal_objs
[02Aug2026 13:39:53.150] [main/INFO] [bountiful/]: Merging cleric_objs with cleric_objs
[02Aug2026 13:39:53.154] [main/INFO] [bountiful/]: Merging cleric_rews with cleric_rews
[02Aug2026 13:39:53.159] [main/INFO] [bountiful/]: Merging farmer_objs with farmer_objs
[02Aug2026 13:39:53.160] [main/INFO] [bountiful/]: Merging farmer_objs with farmer_objs
[02Aug2026 13:39:53.164] [main/INFO] [bountiful/]: Merging farmer_rews with farmer_rews
[02Aug2026 13:39:53.165] [main/INFO] [bountiful/]: Merging farmer_rews with farmer_rews
[02Aug2026 13:39:53.167] [main/INFO] [bountiful/]: Merging fisherman_objs with fisherman_objs
[02Aug2026 13:39:53.172] [Worker-Main-6/INFO] [Infernal Expansion/]: [InfernalExpansion] Applying configured data: infernalexp:recipe/crushing/dimstone.json
[02Aug2026 13:39:53.173] [Worker-Main-6/INFO] [Infernal Expansion/]: [InfernalExpansion] Applying configured data: infernalexp:recipe/crushing/dullstone.json
[02Aug2026 13:39:53.173] [Worker-Main-6/INFO] [Infernal Expansion/]: [InfernalExpansion] Applying configured data: infernalexp:recipe/crushing/shimmer_stone.json
[02Aug2026 13:39:53.173] [Worker-Main-6/INFO] [Infernal Expansion/]: [InfernalExpansion] Applying configured data: infernalexp:recipe/crushing/shimmer_sand.json
[02Aug2026 13:39:53.173] [Worker-Main-6/INFO] [Infernal Expansion/]: [InfernalExpansion] Applying configured data: infernalexp:recipe/crushing/basalt_iron_ore.json
[02Aug2026 13:39:53.194] [main/INFO] [bountiful/]: Merging fletcher_rews with fletcher_rews
[02Aug2026 13:39:53.197] [main/INFO] [bountiful/]: Merging inventor_objs with inventor_objs
[02Aug2026 13:39:53.199] [main/INFO] [bountiful/]: Merging inventor_rews with inventor_rews
[02Aug2026 13:39:53.205] [main/INFO] [bountiful/]: Merging librarian_rews with librarian_rews
[02Aug2026 13:39:53.212] [main/INFO] [bountiful/]: Merging toolsmith_objs with toolsmith_objs
[02Aug2026 13:39:53.215] [main/INFO] [bountiful/]: Merging toolsmith_rews with toolsmith_rews
[02Aug2026 13:39:53.216] [main/INFO] [bountiful/]: Merging toolsmith_rews with toolsmith_rews
[02Aug2026 13:39:53.218] [main/INFO] [bountiful/]: Merging toolsmith_rews with toolsmith_rews
[02Aug2026 13:39:53.220] [main/INFO] [bountiful/]: Merging chef_rews with chef_rews
[02Aug2026 13:39:53.222] [main/INFO] [bountiful/]: Merging chef_objs with chef_objs
[02Aug2026 13:39:53.229] [main/INFO] [bountiful/]: Trying to load unloaded files from: config/bountiful/bounty_pools
[02Aug2026 13:39:53.233] [main/INFO] [bountiful/]: Trying to load unloaded files from: config/bountiful/bounty_decrees
[02Aug2026 13:39:53.236] [main/WARN] [bountiful/]: Pool 'chef_rews' has been loaded, but is not attached to any existing data! This is probably a configuration error.
* If you intended to add this data to an existing Pool, please use an existing Pool name instead of 'chef_rews'.
* Did you mean to use the pool name 'fletcher_rews' instead of 'chef_rews'?
* Otherwise, please add 'chef_rews' to a Decree.
* NOTE: This data will not show up in game until one of the above fixes is made.
[02Aug2026 13:39:53.236] [main/WARN] [bountiful/]: Pool 'carpenter_objs' has been loaded, but is not attached to any existing data! This is probably a configuration error.
* If you intended to add this data to an existing Pool, please use an existing Pool name instead of 'carpenter_objs'.
* Did you mean to use the pool name 'starcatcher_objs' instead of 'carpenter_objs'?
* Otherwise, please add 'carpenter_objs' to a Decree.
* NOTE: This data will not show up in game until one of the above fixes is made.
[02Aug2026 13:39:53.237] [main/WARN] [bountiful/]: Pool 'carpenter_rews' has been loaded, but is not attached to any existing data! This is probably a configuration error.
* If you intended to add this data to an existing Pool, please use an existing Pool name instead of 'carpenter_rews'.
* Otherwise, please add 'carpenter_rews' to a Decree.
* NOTE: This data will not show up in game until one of the above fixes is made.
[02Aug2026 13:39:53.237] [main/WARN] [bountiful/]: Pool 'chef_objs' has been loaded, but is not attached to any existing data! This is probably a configuration error.
* If you intended to add this data to an existing Pool, please use an existing Pool name instead of 'chef_objs'.
* Did you mean to use the pool name 'fletcher_objs' instead of 'chef_objs'?
* Otherwise, please add 'chef_objs' to a Decree.
* NOTE: This data will not show up in game until one of the above fixes is made.
[02Aug2026 13:39:53.297] [main/WARN] [bountiful/]: Decree 'starcatcher' top value rewards cannot be matched with equivalent objectives. This will result in uneven bounties. Consider adding more high value objectives or lowering the value of your rewards.
* Top Rewards: _all_rews.prismarine_crystals (12000.0), _all_rews.supp_safe (12000.0) total up to: 24000.0
* Top Objs: starcatcher_objs.legendary_fish (10000.0) total up to: 10000.0
[02Aug2026 13:39:53.347] [Worker-Main-3/ERROR] [com.wdiscute.sellingbin.processors.AbstractProcessor/]: Selling Bin Processor selling_bin:quality_foods_processor is not registered! Make sure it's not dependent on another mod, and that you spelt the name correctly. Using empty processor instead.
[02Aug2026 13:39:53.347] [Worker-Main-3/ERROR] [com.wdiscute.sellingbin.processors.AbstractProcessor/]: Selling Bin Processor selling_bin:quality_foods_processor is not registered! Make sure it's not dependent on another mod, and that you spelt the name correctly. Using empty processor instead.
[02Aug2026 13:39:53.347] [Worker-Main-3/ERROR] [com.wdiscute.sellingbin.processors.AbstractProcessor/]: Selling Bin Processor selling_bin:quality_foods_processor is not registered! Make sure it's not dependent on another mod, and that you spelt the name correctly. Using empty processor instead.
[02Aug2026 13:39:53.347] [Worker-Main-3/ERROR] [com.wdiscute.sellingbin.processors.AbstractProcessor/]: Selling Bin Processor selling_bin:quality_foods_processor is not registered! Make sure it's not dependent on another mod, and that you spelt the name correctly. Using empty processor instead.
[02Aug2026 13:39:53.348] [Worker-Main-3/ERROR] [com.wdiscute.sellingbin.processors.AbstractProcessor/]: Selling Bin Processor selling_bin:quality_foods_processor is not registered! Make sure it's not dependent on another mod, and that you spelt the name correctly. Using empty processor instead.
[02Aug2026 13:39:53.415] [Worker-Main-1/INFO] [scguns/]: Successfully loaded shock coil config
[02Aug2026 13:39:53.445] [Worker-Main-4/INFO] [Infernal Expansion/]: [InfernalExpansion] Applying configured data: infernalexp:recipe/crushing/dimstone.json
[02Aug2026 13:39:53.446] [Worker-Main-4/INFO] [Infernal Expansion/]: [InfernalExpansion] Applying configured data: infernalexp:recipe/crushing/dullstone.json
[02Aug2026 13:39:53.446] [Worker-Main-4/INFO] [Infernal Expansion/]: [InfernalExpansion] Applying configured data: infernalexp:recipe/crushing/shimmer_stone.json
[02Aug2026 13:39:53.446] [Worker-Main-4/INFO] [Infernal Expansion/]: [InfernalExpansion] Applying configured data: infernalexp:recipe/crushing/shimmer_sand.json
[02Aug2026 13:39:53.446] [Worker-Main-4/INFO] [Infernal Expansion/]: [InfernalExpansion] Applying configured data: infernalexp:recipe/crushing/basalt_iron_ore.json
[02Aug2026 13:39:53.841] [main/ERROR] [net.minecraft.world.item.crafting.RecipeManager/]: Parsing error loading recipe scguns:create/mechanical_crafting/jr_wristbreaker: com.google.gson.JsonParseException: Key defines symbols that aren't used in pattern: {C}
[02Aug2026 13:39:53.861] [main/ERROR] [net.minecraft.world.item.crafting.RecipeManager/]: Parsing error loading recipe scguns:create/charging/depleted_energy_core: com.google.gson.JsonParseException: No key max_charge_rate in MapLike[{"type":"createaddition:charging","input":{"item":"scguns:depleted_energy_core","count":1},"result":{"id":"scguns:energy_core","count":1},"energy":4800,"maxChargeRate":400}]; No key results in MapLike[{"type":"createaddition:charging","input":{"item":"scguns:depleted_energy_core","count":1},"result":{"id":"scguns:energy_core","count":1},"energy":4800,"maxChargeRate":400}]; No key ingredients in MapLike[{"type":"createaddition:charging","input":{"item":"scguns:depleted_energy_core","count":1},"result":{"id":"scguns:energy_core","count":1},"energy":4800,"maxChargeRate":400}]
[02Aug2026 13:39:53.874] [main/ERROR] [net.minecraft.world.item.crafting.RecipeManager/]: Parsing error loading recipe scguns:create/charging/charged_amethyst_shard: com.google.gson.JsonParseException: No key max_charge_rate in MapLike[{"type":"createaddition:charging","input":{"item":"minecraft:amethyst_shard","count":1},"result":{"id":"scguns:charged_amethyst_shard","count":1},"energy":3200,"maxChargeRate":400}]; No key results in MapLike[{"type":"createaddition:charging","input":{"item":"minecraft:amethyst_shard","count":1},"result":{"id":"scguns:charged_amethyst_shard","count":1},"energy":3200,"maxChargeRate":400}]; No key ingredients in MapLike[{"type":"createaddition:charging","input":{"item":"minecraft:amethyst_shard","count":1},"result":{"id":"scguns:charged_amethyst_shard","count":1},"energy":3200,"maxChargeRate":400}]
[02Aug2026 13:39:53.879] [main/ERROR] [net.minecraft.world.item.crafting.RecipeManager/]: Parsing error loading recipe piglinproliferation:end_stone_fire_ring: com.google.gson.JsonParseException: Input does not contain a key [type]: MapLike[{}]
[02Aug2026 13:39:53.904] [main/ERROR] [net.minecraft.world.item.crafting.RecipeManager/]: Parsing error loading recipe piglinproliferation:netherrack_soul_fire_ring: com.google.gson.JsonParseException: Input does not contain a key [type]: MapLike[{}]
[02Aug2026 13:39:53.909] [main/ERROR] [net.minecraft.world.item.crafting.RecipeManager/]: Parsing error loading recipe piglinproliferation:end_stone_soul_fire_ring: com.google.gson.JsonParseException: Input does not contain a key [type]: MapLike[{}]
[02Aug2026 13:39:53.932] [main/ERROR] [net.minecraft.world.item.crafting.RecipeManager/]: Parsing error loading recipe piglinproliferation:blackstone_fire_ring: com.google.gson.JsonParseException: Input does not contain a key [type]: MapLike[{}]
[02Aug2026 13:39:53.936] [main/ERROR] [net.minecraft.world.item.crafting.RecipeManager/]: Parsing error loading recipe piglinproliferation:netherrack_fire_ring: com.google.gson.JsonParseException: Input does not contain a key [type]: MapLike[{}]
[02Aug2026 13:39:53.941] [main/ERROR] [net.minecraft.world.item.crafting.RecipeManager/]: Parsing error loading recipe scguns:create/charging/plasma_core: com.google.gson.JsonParseException: No key max_charge_rate in MapLike[{"type":"createaddition:charging","input":{"item":"scguns:energy_core","count":1},"result":{"id":"scguns:plasma_core","count":1},"energy":16000,"maxChargeRate":400}]; No key results in MapLike[{"type":"createaddition:charging","input":{"item":"scguns:energy_core","count":1},"result":{"id":"scguns:plasma_core","count":1},"energy":16000,"maxChargeRate":400}]; No key ingredients in MapLike[{"type":"createaddition:charging","input":{"item":"scguns:energy_core","count":1},"result":{"id":"scguns:plasma_core","count":1},"energy":16000,"maxChargeRate":400}]
[02Aug2026 13:39:53.942] [main/ERROR] [net.minecraft.world.item.crafting.RecipeManager/]: Parsing error loading recipe piglinproliferation:deepslate_soul_fire_ring: com.google.gson.JsonParseException: Input does not contain a key [type]: MapLike[{}]
[02Aug2026 13:39:53.943] [main/ERROR] [net.minecraft.world.item.crafting.RecipeManager/]: Parsing error loading recipe scguns:create/charging/plasma: com.google.gson.JsonParseException: No key max_charge_rate in MapLike[{"type":"createaddition:charging","input":{"item":"minecraft:redstone","count":1},"result":{"id":"scguns:plasma","count":1},"energy":3200,"maxChargeRate":400}]; No key results in MapLike[{"type":"createaddition:charging","input":{"item":"minecraft:redstone","count":1},"result":{"id":"scguns:plasma","count":1},"energy":3200,"maxChargeRate":400}]; No key ingredients in MapLike[{"type":"createaddition:charging","input":{"item":"minecraft:redstone","count":1},"result":{"id":"scguns:plasma","count":1},"energy":3200,"maxChargeRate":400}]
[02Aug2026 13:39:53.956] [main/ERROR] [net.minecraft.world.item.crafting.RecipeManager/]: Parsing error loading recipe scguns:create/charging/plasma_block: com.google.gson.JsonParseException: No key max_charge_rate in MapLike[{"type":"createaddition:charging","input":{"item":"minecraft:redstone_block","count":1},"result":{"id":"scguns:plasma_block","count":1},"energy":26000,"maxChargeRate":2400}]; No key results in MapLike[{"type":"createaddition:charging","input":{"item":"minecraft:redstone_block","count":1},"result":{"id":"scguns:plasma_block","count":1},"energy":26000,"maxChargeRate":2400}]; No key ingredients in MapLike[{"type":"createaddition:charging","input":{"item":"minecraft:redstone_block","count":1},"result":{"id":"scguns:plasma_block","count":1},"energy":26000,"maxChargeRate":2400}]
[02Aug2026 13:39:53.966] [main/ERROR] [net.minecraft.world.item.crafting.RecipeManager/]: Parsing error loading recipe piglinproliferation:deepslate_fire_ring: com.google.gson.JsonParseException: Input does not contain a key [type]: MapLike[{}]
[02Aug2026 13:39:53.971] [main/ERROR] [net.minecraft.world.item.crafting.RecipeManager/]: Parsing error loading recipe scguns:create/charging/shock_cell: com.google.gson.JsonParseException: No key max_charge_rate in MapLike[{"type":"createaddition:charging","input":{"item":"scguns:empty_cell","count":1},"result":{"id":"scguns:shock_cell","count":1},"energy":1600,"maxChargeRate":200}]; No key results in MapLike[{"type":"createaddition:charging","input":{"item":"scguns:empty_cell","count":1},"result":{"id":"scguns:shock_cell","count":1},"energy":1600,"maxChargeRate":200}]; No key ingredients in MapLike[{"type":"createaddition:charging","input":{"item":"scguns:empty_cell","count":1},"result":{"id":"scguns:shock_cell","count":1},"energy":1600,"maxChargeRate":200}]
[02Aug2026 13:39:53.998] [main/ERROR] [net.minecraft.world.item.crafting.RecipeManager/]: Parsing error loading recipe piglinproliferation:stone_soul_fire_ring: com.google.gson.JsonParseException: Input does not contain a key [type]: MapLike[{}]
[02Aug2026 13:39:54.013] [main/ERROR] [net.minecraft.world.item.crafting.RecipeManager/]: Parsing error loading recipe piglinproliferation:blackstone_soul_fire_ring: com.google.gson.JsonParseException: Input does not contain a key [type]: MapLike[{}]
[02Aug2026 13:39:54.050] [main/INFO] [net.minecraft.world.item.crafting.RecipeManager/]: Loaded 16121 recipes
[02Aug2026 13:39:54.058] [main/INFO] [com.teamabnormals.blueprint.core.Blueprint/]: Advancement Modification Manager has loaded 8 modifier groups
[02Aug2026 13:39:54.307] [main/INFO] [net.minecraft.advancements.AdvancementTree/]: Loaded 11110 advancements
[02Aug2026 13:39:54.311] [main/INFO] [io.redspace.simpleblood.IronsSimpleBloodMod/]: Loaded 7 blood type(s)
[02Aug2026 13:39:54.316] [main/INFO] [koala.fishingreal.FishingManager/]: Loaded 81 fish conversions
[02Aug2026 13:39:54.322] [main/INFO] [Curios API/]: Loaded 12 curio slots
[02Aug2026 13:39:54.324] [main/ERROR] [Curios API/]: cape is not a registered slot type!
[02Aug2026 13:39:54.324] [main/INFO] [Curios API/]: Loaded 1 curio entities
[02Aug2026 13:39:54.330] [main/INFO] [Supplementaries/]: Loaded 29 flute songs
[02Aug2026 13:39:54.372] [main/INFO] [com.teamabnormals.blueprint.core.Blueprint/]: Chunk Generator Modification Manager has loaded 0 modifier groups
[02Aug2026 13:39:54.380] [main/INFO] [ewewukek.musketmod.MusketMod/]: Configuration has been loaded
[02Aug2026 13:39:54.401] [main/INFO] [Moonlight/]: Applied 17 data villager trades
[02Aug2026 13:39:54.404] [main/INFO] [Moonlight/]: Failed to load custom color set definition {"id":"quark:rune","colors":{"default":"quark:blank_rune"},"replace":false}. Ignoring
[02Aug2026 13:39:54.404] [main/INFO] [Moonlight/]: Failed to load custom color set definition {"id":"quark:shard","colors":{"default":"quark:clear_shard"},"replace":false}. Ignoring
[02Aug2026 13:39:54.405] [main/INFO] [friendsandfoes/]: Loaded 1 moobloom variants
[02Aug2026 13:39:54.421] [main/INFO] [friendsandfoes/]: Loaded 32 entity animations
[02Aug2026 13:39:54.423] [main/INFO] [me.corvino.aeronauticsdiscovery.CreateAeronauticsDiscovery/]: [PHYSICS] Loaded 2 prefab physics config(s)
[02Aug2026 13:39:54.424] [main/INFO] [me.corvino.aeronauticsdiscovery.CreateAeronauticsDiscovery/]: [FLYOVER] Loaded 1 flyover event config(s)
[02Aug2026 13:39:54.427] [main/INFO] [top.ribs.scguns.config.MerchantTradeConfig/]: Loaded merchant trade config: 3 sections with 10 max offers
[02Aug2026 13:39:54.427] [main/INFO] [top.ribs.scguns.config.MerchantTradeConfig/]: Section 'blueprints': 9 trades (limit: 4)
[02Aug2026 13:39:54.427] [main/INFO] [top.ribs.scguns.config.MerchantTradeConfig/]: Section 'ammo': 7 trades (limit: 3)
[02Aug2026 13:39:54.427] [main/INFO] [top.ribs.scguns.config.MerchantTradeConfig/]: Section 'weapons': 11 trades (limit: 3)
[02Aug2026 13:39:54.429] [main/INFO] [top.ribs.scguns.config.RaidConfig/]: Loaded Scorched Guns raid: antique
[02Aug2026 13:39:54.429] [main/INFO] [top.ribs.scguns.config.RaidConfig/]: Loaded Scorched Guns raid: blood_moon
[02Aug2026 13:39:54.429] [main/INFO] [top.ribs.scguns.config.RaidConfig/]: Loaded Scorched Guns raid: copper
[02Aug2026 13:39:54.429] [main/INFO] [top.ribs.scguns.config.RaidConfig/]: Loaded Scorched Guns raid: diamond_steel
[02Aug2026 13:39:54.429] [main/INFO] [top.ribs.scguns.config.RaidConfig/]: Loaded Scorched Guns raid: frontier
[02Aug2026 13:39:54.429] [main/INFO] [top.ribs.scguns.config.RaidConfig/]: Loaded Scorched Guns raid: iron
[02Aug2026 13:39:54.429] [main/INFO] [top.ribs.scguns.config.RaidConfig/]: Loaded Scorched Guns raid: ocean
[02Aug2026 13:39:54.429] [main/INFO] [top.ribs.scguns.config.RaidConfig/]: Loaded Scorched Guns raid: piglin
[02Aug2026 13:39:54.430] [main/INFO] [top.ribs.scguns.config.RaidConfig/]: Loaded Scorched Guns raid: sculk
[02Aug2026 13:39:54.430] [main/INFO] [top.ribs.scguns.config.RaidConfig/]: Loaded Scorched Guns raid: treated_brass
[02Aug2026 13:39:54.430] [main/INFO] [top.ribs.scguns.config.RaidConfig/]: Loaded Scorched Guns raid: wrecker
[02Aug2026 13:39:54.430] [main/INFO] [top.ribs.scguns.config.RaidConfig/]: Loaded 11 Scorched Guns raids (10 progression, 1 custom)
[02Aug2026 13:39:54.431] [main/INFO] [top.ribs.scguns.config.RaidFlareConfig/]: Loaded raid flare config: antique -> antique
[02Aug2026 13:39:54.431] [main/INFO] [top.ribs.scguns.config.RaidFlareConfig/]: Loaded raid flare config: copper -> copper
[02Aug2026 13:39:54.431] [main/INFO] [top.ribs.scguns.config.RaidFlareConfig/]: Loaded raid flare config: diamond_steel -> diamond_steel
[02Aug2026 13:39:54.431] [main/INFO] [top.ribs.scguns.config.RaidFlareConfig/]: Loaded raid flare config: frontier -> frontier
[02Aug2026 13:39:54.431] [main/INFO] [top.ribs.scguns.config.RaidFlareConfig/]: Loaded raid flare config: gold -> piglin
[02Aug2026 13:39:54.431] [main/INFO] [top.ribs.scguns.config.RaidFlareConfig/]: Loaded raid flare config: iron -> iron
[02Aug2026 13:39:54.431] [main/INFO] [top.ribs.scguns.config.RaidFlareConfig/]: Loaded raid flare config: ocean -> ocean
[02Aug2026 13:39:54.431] [main/INFO] [top.ribs.scguns.config.RaidFlareConfig/]: Loaded raid flare config: sculk -> sculk
[02Aug2026 13:39:54.431] [main/INFO] [top.ribs.scguns.config.RaidFlareConfig/]: Loaded raid flare config: treated_brass -> treated_brass
[02Aug2026 13:39:54.431] [main/INFO] [top.ribs.scguns.config.RaidFlareConfig/]: Loaded raid flare config: wrecker -> wrecker
[02Aug2026 13:39:54.431] [main/INFO] [top.ribs.scguns.config.RaidFlareConfig/]: Loaded 10 raid flare configurations
[02Aug2026 13:39:54.433] [main/INFO] [scguns/]: Shock coil configuration loaded successfully
[02Aug2026 13:39:54.433] [main/INFO] [top.ribs.scguns.config.BrassBoltConfig/]: Loaded brass bolt damage config: {scguns:blunderer=7.0, scguns:redcoat=8.0, scguns:scamp_tank=3.0, scguns:sky_carrier=2.0, scguns:zombified_hornlin=2.5, scguns:hornlin=2.5}
[02Aug2026 13:39:54.434] [main/INFO] [scguns/]: Loaded turret config scguns:auto_turret
[02Aug2026 13:39:54.434] [main/INFO] [scguns/]: Loaded turret config scguns:basic_turret
[02Aug2026 13:39:54.434] [main/INFO] [scguns/]: Loaded turret config scguns:shock_coil
[02Aug2026 13:39:54.434] [main/INFO] [scguns/]: Loaded turret config scguns:shotgun_turret
[02Aug2026 13:39:54.434] [main/INFO] [scguns/]: Loaded turret config scguns:sniper_turret
[02Aug2026 13:39:54.434] [main/INFO] [scguns/]: Loaded 5 turret configurations
[02Aug2026 13:39:54.436] [main/INFO] [placebo/]: Registered 0 gear_sets.
[02Aug2026 13:39:54.437] [main/INFO] [placebo/]: Registered 0 wanderer_trades.
[02Aug2026 13:39:54.437] [main/INFO] [placebo/]: Registered 0 brewing_mixes.
[02Aug2026 13:39:54.452] [main/INFO] [rechiseled/]: Loaded 66 chiseling recipes
[02Aug2026 13:39:54.466] [main/WARN] [net.minecraft.core.MappedRegistry/]: Not all defined tags for registry ResourceKey[minecraft:root / minecraft:block] are present in data pack: forge:air_tag
[02Aug2026 13:39:54.478] [main/WARN] [net.minecraft.core.MappedRegistry/]: Not all defined tags for registry ResourceKey[minecraft:root / minecraft:worldgen/biome] are present in data pack: twilightforest:in_twilight_forest
[02Aug2026 13:39:54.597] [main/ERROR] [net.neoforged.neoforge.registries.DataMapLoader/]: Object with ID modid:example specified in data map for registry minecraft:dimension doesn't exist
[02Aug2026 13:39:54.597] [main/ERROR] [net.neoforged.neoforge.registries.DataMapLoader/]: Object with ID artifacts:anglers_hat specified in data map for registry minecraft:item doesn't exist
[02Aug2026 13:39:54.808] [main/INFO] [Supplementaries/]: Registering custom dispenser behaviors
[02Aug2026 13:39:54.843] [main/WARN] [ModernFix/]: Initial datapack load took 3.557 s
[02Aug2026 13:39:54.947] [Server thread/INFO] [net.minecraft.server.dedicated.DedicatedServer/]: Starting minecraft server version 1.21.1
[02Aug2026 13:39:54.947] [Server thread/INFO] [net.minecraft.server.dedicated.DedicatedServer/]: Loading properties
[02Aug2026 13:39:54.948] [Server thread/INFO] [net.minecraft.server.dedicated.DedicatedServer/]: Default game type: SURVIVAL
[02Aug2026 13:39:54.948] [Server thread/INFO] [net.minecraft.server.MinecraftServer/]: Generating keypair
[02Aug2026 13:39:54.985] [Server thread/INFO] [net.minecraft.server.dedicated.DedicatedServer/]: Starting Minecraft server on 169.155.120.28:9155
[02Aug2026 13:39:55.032] [Server thread/INFO] [dev.ryanhcode.sable.Sable/]: Adding UDP server channel future
[02Aug2026 13:39:55.054] [Netty Epoll Server IO #0/WARN] [io.netty.channel.AbstractChannel/]: A non-root user can't receive a broadcast packet if the socket is not bound to a wildcard address; binding to a non-wildcard address (/169.155.120.28:9155) anyway as requested.
[02Aug2026 13:39:55.054] [Netty Epoll Server IO #0/INFO] [dev.ryanhcode.sable.Sable/]: Server UDP channel active
[02Aug2026 13:39:55.055] [Server thread/INFO] [net.minecraft.server.network.ServerConnectionListener/]: Using epoll channel type
[02Aug2026 13:39:55.064] [Server thread/INFO] [Puzzles Lib/]: Dispatching loading event for config mutantmonsters-server.toml
[02Aug2026 13:39:55.067] [Server thread/INFO] [Puzzles Lib/]: Dispatching loading event for config universalbonemeal-server.toml
[02Aug2026 13:39:55.071] [Server thread/INFO] [Puzzles Lib/]: Dispatching loading event for config airhop-server.toml
[02Aug2026 13:39:55.071] [Server thread/INFO] [Puzzles Lib/]: Dispatching loading event for config easymagic-server.toml
[02Aug2026 13:39:55.072] [Server thread/INFO] [Puzzles Lib/]: Dispatching loading event for config universalenchants-server.toml
[02Aug2026 13:39:55.072] [Server thread/INFO] [Puzzles Lib/]: Dispatching loading event for config bettertridents-server.toml
[02Aug2026 13:39:55.128] [Server thread/WARN] [net.neoforged.neoforge.server.ServerLifecycleHooks/]: Detected minecraft:ocelot that was registered with CREATURE mob category but was added under MONSTER mob category for regions_unexplored:eucalyptus_forest biome! Mobs should be added to biomes under the same mob category that the mob was registered as to prevent mob cap spawning issues.
[02Aug2026 13:39:55.158] [Server thread/WARN] [net.neoforged.neoforge.server.ServerLifecycleHooks/]: Detected minecraft:ocelot that was registered with CREATURE mob category but was added under MONSTER mob category for regions_unexplored:rainforest biome! Mobs should be added to biomes under the same mob category that the mob was registered as to prevent mob cap spawning issues.
[02Aug2026 13:39:55.172] [Server thread/WARN] [net.neoforged.neoforge.server.ServerLifecycleHooks/]: Detected minecraft:ocelot that was registered with CREATURE mob category but was added under MONSTER mob category for regions_unexplored:sparse_rainforest biome! Mobs should be added to biomes under the same mob category that the mob was registered as to prevent mob cap spawning issues.
[02Aug2026 13:39:55.179] [Server thread/WARN] [net.neoforged.neoforge.server.ServerLifecycleHooks/]: Detected minecraft:ocelot that was registered with CREATURE mob category but was added under MONSTER mob category for regions_unexplored:tropics biome! Mobs should be added to biomes under the same mob category that the mob was registered as to prevent mob cap spawning issues.
[02Aug2026 13:39:55.228] [Server thread/INFO] [spark/]: Starting background profiler...
[02Aug2026 13:39:55.405] [Server thread/INFO] [net.bettercombat.logic.WeaponRegistry/]: Encoded Weapon Attribute registry size (with package overhead): 4287 bytes (in 1 string chunks with the size of 10000)
[02Aug2026 13:39:55.410] [Server thread/INFO] [bountiful/]: Registering Bounty Board Jigsaw Piece for Village Type: plains
[02Aug2026 13:39:55.411] [Server thread/INFO] [bountiful/]: Registering Bounty Board Jigsaw Piece for Village Type: savanna
[02Aug2026 13:39:55.411] [Server thread/INFO] [bountiful/]: Registering Bounty Board Jigsaw Piece for Village Type: snowy
[02Aug2026 13:39:55.411] [Server thread/INFO] [bountiful/]: Registering Bounty Board Jigsaw Piece for Village Type: taiga
[02Aug2026 13:39:55.411] [Server thread/INFO] [bountiful/]: Registering Bounty Board Jigsaw Piece for Village Type: desert
[02Aug2026 13:39:55.411] [Server thread/INFO] [Framework/]: Loading server configs...
[02Aug2026 13:39:55.416] [Server thread/INFO] [com.sudolev.dynamicvillage.village.VillageAddition/]: [DynamicVillage] Pool minecraft:village/plains/houses: spawn chance 15%, weight per building 4, 98 -> 114 entries
[02Aug2026 13:39:55.416] [Server thread/INFO] [com.sudolev.dynamicvillage.village.VillageAddition/]: [DynamicVillage] Pool minecraft:village/desert/houses: spawn chance 15%, weight per building 3, 79 -> 91 entries
[02Aug2026 13:39:55.416] [Server thread/INFO] [com.sudolev.dynamicvillage.village.VillageAddition/]: [DynamicVillage] Pool minecraft:village/taiga/houses: spawn chance 15%, weight per building 3, 86 -> 98 entries
[02Aug2026 13:39:55.417] [Server thread/INFO] [com.sudolev.dynamicvillage.village.VillageAddition/]: [DynamicVillage] Pool minecraft:village/snowy/houses: spawn chance 15%, weight per building 3, 74 -> 86 entries
[02Aug2026 13:39:55.417] [Server thread/INFO] [com.sudolev.dynamicvillage.village.VillageAddition/]: [DynamicVillage] Pool minecraft:village/savanna/houses: spawn chance 15%, weight per building 4, 91 -> 107 entries
[02Aug2026 13:39:55.464] [Server thread/INFO] [terrablender/]: Initialized TerraBlender biomes for level stem minecraft:overworld
[02Aug2026 13:39:55.465] [Server thread/INFO] [terrablender/]: Initialized TerraBlender biomes for level stem minecraft:the_nether
[02Aug2026 13:39:55.467] [Server thread/INFO] [citadel/]: [Citadel] SurfaceRuleInitializer: Starting initialization...
[02Aug2026 13:39:55.467] [Server thread/INFO] [citadel/]: [Citadel] OVERWORLD rules registered: false
[02Aug2026 13:39:55.467] [Server thread/INFO] [citadel/]: [Citadel] Processing dimension: minecraft:overworld
[02Aug2026 13:39:55.467] [Server thread/INFO] [citadel/]: [Citadel] Processing dimension: aether:the_aether
[02Aug2026 13:39:55.467] [Server thread/INFO] [citadel/]: [Citadel] Processing dimension: minecraft:the_nether
[02Aug2026 13:39:55.467] [Server thread/INFO] [citadel/]: [Citadel] Processing dimension: minecraft:the_end
[02Aug2026 13:39:55.467] [Server thread/INFO] [citadel/]: [Citadel] SurfaceRuleInitializer: Initialization complete.
[02Aug2026 13:39:55.468] [Server thread/INFO] [net.minecraft.server.dedicated.DedicatedServer/]: Preparing level "world"
[02Aug2026 13:39:55.683] [Server thread/INFO] [dev.ryanhcode.sable.Sable/]: Creating physics pipeline for ResourceKey[minecraft:dimension / minecraft:overworld] using RapierPhysicsPipelineProvider
[02Aug2026 13:39:56.053] [Server thread/INFO] [com.cupboard.Cupboard/]: Loaded config for: betterchunkloading.json
[02Aug2026 13:39:56.110] [Server thread/INFO] [dev.ryanhcode.sable.Sable/]: Creating physics pipeline for ResourceKey[minecraft:dimension / aether:the_aether] using RapierPhysicsPipelineProvider
[02Aug2026 13:39:56.154] [Server thread/INFO] [biolith/]: Ignoring world 'aether:the_aether'; unknown dimension type: aether:the_aether
[02Aug2026 13:39:56.157] [Server thread/INFO] [dev.ryanhcode.sable.Sable/]: Creating physics pipeline for ResourceKey[minecraft:dimension / minecraft:the_nether] using RapierPhysicsPipelineProvider
[02Aug2026 13:39:56.202] [Server thread/INFO] [dev.ryanhcode.sable.Sable/]: Creating physics pipeline for ResourceKey[minecraft:dimension / minecraft:the_end] using RapierPhysicsPipelineProvider
[02Aug2026 13:39:56.255] [Server thread/INFO] [net.minecraft.server.MinecraftServer/]: Preparing start region for dimension minecraft:overworld
[02Aug2026 13:39:56.391] [Worker-Main-2/INFO] [net.minecraft.server.level.progress.LoggerChunkProgressListener/]: Preparing spawn area: 0%
[02Aug2026 13:39:56.478] [Server thread/INFO] [net.minecraft.server.level.progress.LoggerChunkProgressListener/]: Time elapsed: 223 ms
[02Aug2026 13:39:56.478] [Server thread/INFO] [net.minecraft.server.dedicated.DedicatedServer/]: Done (1.416s)! For help, type "help"
[02Aug2026 13:39:56.488] [Server thread/WARN] [net.minecraft.server.packs.PathPackResources/]: Non [a-z0-9_.-] character in namespace LICENSE in pack , ignoring
[02Aug2026 13:39:56.491] [Server thread/WARN] [net.minecraft.server.packs.PathPackResources/]: Non [a-z0-9_.-] character in namespace LICENSE in pack , ignoring
[02Aug2026 13:39:56.561] [Server thread/INFO] [net.neoforged.neoforge.server.permission.PermissionAPI/]: Successfully initialized permission handler neoforge:default_handler
[02Aug2026 13:39:56.563] [Server thread/INFO] [com.misterxycb.horsebreedingfix.HorseBreedingFix/]: Initialized horse-breeding-fix!
[02Aug2026 13:39:56.574] [Server thread/INFO] [dev.ryanhcode.sable.Sable/]: Creating physics pipeline for ResourceKey[minecraft:dimension / minecraft:server_faucet_test_level] using RapierPhysicsPipelineProvider
[02Aug2026 13:39:56.696] [Server thread/WARN] [biolith/]: More than one Overworld dimension world created; cowardly ignoring 'minecraft:server_faucet_test_level' in favor of 'minecraft:overworld'
[02Aug2026 13:39:56.742] [Server thread/INFO] [dev.ryanhcode.sable.Sable/]: Creating physics pipeline for ResourceKey[minecraft:dimension / minecraft:server_projectile_test_level] using RapierPhysicsPipelineProvider
[02Aug2026 13:39:56.937] [Server thread/WARN] [biolith/]: More than one Overworld dimension world created; cowardly ignoring 'minecraft:server_projectile_test_level' in favor of 'minecraft:overworld'
[02Aug2026 13:39:57.024] [VoiceChatServerThread/ERROR] [voicechat/]: [voicechat] Failed to bind to address '169.155.120.28', binding to wildcard IP instead
[02Aug2026 13:39:57.024] [VoiceChatServerThread/ERROR] [voicechat/]: [voicechat] Failed to run voice chat at UDP port 9155, make sure no other application is running at that port
[02Aug2026 13:39:57.025] [Thread-14/INFO] [dev.omialien.voicechatrecording.VoiceChatRecording/]: Removing old audios from cache
[02Aug2026 13:39:57.024] [VoiceChatServerThread/ERROR] [voicechat/]: [voicechat] Voice chat server error
java.net.BindException: Address already in use
	at java.base/sun.nio.ch.Net.bind0(Native Method) ~[?:?]
	at java.base/sun.nio.ch.Net.bind(Net.java:577) ~[?:?]
	at java.base/sun.nio.ch.DatagramChannelImpl.bindInternal(DatagramChannelImpl.java:1329) ~[?:?]
	at java.base/sun.nio.ch.DatagramChannelImpl.bind(DatagramChannelImpl.java:1299) ~[?:?]
	at java.base/sun.nio.ch.DatagramSocketAdaptor.bind(DatagramSocketAdaptor.java:108) ~[?:?]
	at java.base/java.net.DatagramSocket.createDelegate(DatagramSocket.java:1425) ~[?:?]
	at java.base/java.net.DatagramSocket.<init>(DatagramSocket.java:328) ~[?:?]
	at java.base/java.net.DatagramSocket.<init>(DatagramSocket.java:387) ~[?:?]
	at java.base/java.net.DatagramSocket.<init>(DatagramSocket.java:353) ~[?:?]
	at TRANSFORMER/voicechat@1.21.1-2.6.21/de.maxhenkel.voicechat.plugins.impl.VoicechatSocketImpl.open(VoicechatSocketImpl.java:40) [voicechat-neoforge-1.21.1-2.6.21.jar%23481!/:?]
	at TRANSFORMER/voicechat@1.21.1-2.6.21/de.maxhenkel.voicechat.voice.server.Server.run(Server.java:121) [voicechat-neoforge-1.21.1-2.6.21.jar%23481!/:?]
[02Aug2026 13:39:57.026] [VoiceChatServerThread/ERROR] [voicechat/]: [voicechat] Shutting down server
[02Aug2026 13:39:57.027] [Thread-14/INFO] [dev.omialien.voicechatrecording.VoiceChatRecording/]: Finished removing old audios from cache
